title,start_time,end_time,description,exercise_title,superset_id,exercise_notes,set_index,set_type,weight_lbs,reps,distance_miles,duration_seconds,rpe
Evening workout 🏋️,"Sep 30, 2026, 8:06 PM","Sep 30, 2026, 8:39 PM",,Incline Bench Press (Barbell),,,0,normal,135,8,,,
Evening workout 🏋️,"Sep 30, 2026, 8:06 PM","Sep 30, 2026, 8:39 PM",,Incline Bench Press (Barbell),,,1,normal,140,8,,,
Evening workout 🏋️,"Sep 30, 2026, 8:06 PM","Sep 30, 2026, 8:39 PM",,Incline Bench Press (Barbell),,,2,normal,140,8,,,
Evening workout 🏋️,"Sep 30, 2026, 8:06 PM","Sep 30, 2026, 8:39 PM",,Seated Cable Row - V Grip (Cable),,,0,normal,90,12,,,
Evening workout 🏋️,"Sep 30, 2026, 8:06 PM","Sep 30, 2026, 8:39 PM",,Seated Cable Row - V Grip (Cable),,,1,normal,90,12,,,
Evening workout 🏋️,"Sep 30, 2026, 8:06 PM","Sep 30, 2026, 8:39 PM",,Seated Cable Row - V Grip (Cable),,,2,normal,82.5,12,,,
Evening workout 🏋️,"Sep 30, 2026, 8:06 PM","Sep 30, 2026, 8:39 PM",,Butterfly (Pec Deck),,,0,normal,155,12,,,
Evening workout 🏋️,"Sep 30, 2026, 8:06 PM","Sep 30, 2026, 8:39 PM",,Butterfly (Pec Deck),,,1,normal,155,12,,,
Evening workout 🏋️,"Sep 30, 2026, 8:06 PM","Sep 30, 2026, 8:39 PM",,Chest Press (Machine),,,0,normal,160,12,,,
Evening workout 🏋️,"Sep 30, 2026, 8:06 PM","Sep 30, 2026, 8:39 PM",,Lat Pulldown (Cable),,,0,normal,52.5,12,,,
Evening workout 🏋️,"Sep 30, 2026, 8:06 PM","Sep 30, 2026, 8:39 PM",,Lat Pulldown (Cable),,,1,normal,52.5,12,,,
Evening workout 🏋️,"Sep 28, 2026, 7:34 PM","Sep 28, 2026, 8:06 PM",,Preacher Curl (Dumbbell),,,0,normal,35,8,,,
Evening workout 🏋️,"Sep 28, 2026, 7:34 PM","Sep 28, 2026, 8:06 PM",,Preacher Curl (Dumbbell),,,1,normal,30,12,,,
Evening workout 🏋️,"Sep 28, 2026, 7:34 PM","Sep 28, 2026, 8:06 PM",,Preacher Curl (Dumbbell),,,2,normal,30,12,,,
Evening workout 🏋️,"Sep 28, 2026, 7:34 PM","Sep 28, 2026, 8:06 PM",,Lateral Raise (Dumbbell),,,0,normal,25,12,,,
Evening workout 🏋️,"Sep 28, 2026, 7:34 PM","Sep 28, 2026, 8:06 PM",,Lateral Raise (Dumbbell),,,1,normal,25,12,,,
Evening workout 🏋️,"Sep 28, 2026, 7:34 PM","Sep 28, 2026, 8:06 PM",,Lateral Raise (Dumbbell),,,2,normal,25,12,,,
Evening workout 🏋️,"Sep 28, 2026, 7:34 PM","Sep 28, 2026, 8:06 PM",,Cross Body Hammer Curl,,Slow,0,normal,25,10,,,
Evening workout 🏋️,"Sep 28, 2026, 7:34 PM","Sep 28, 2026, 8:06 PM",,Cross Body Hammer Curl,,Slow,1,normal,25,12,,,
Evening workout 🏋️,"Sep 28, 2026, 7:34 PM","Sep 28, 2026, 8:06 PM",,Triceps Pushdown,,,0,normal,60,15,,,
Evening workout 🏋️,"Sep 28, 2026, 7:34 PM","Sep 28, 2026, 8:06 PM",,Triceps Pushdown,,,1,normal,65,12,,,
Evening workout 🏋️,"Sep 28, 2026, 7:34 PM","Sep 28, 2026, 8:06 PM",,Overhead Triceps Extension (Cable),,,0,normal,52.5,12,,,
Evening workout 🏋️,"Sep 28, 2026, 7:34 PM","Sep 28, 2026, 8:06 PM",,Overhead Triceps Extension (Cable),,,1,normal,52.5,12,,,
Afternoon workout 💪,"Sep 25, 2026, 3:47 PM","Sep 25, 2026, 4:15 PM",,Incline Bench Press (Barbell),,,0,normal,135,8,,,
Afternoon workout 💪,"Sep 25, 2026, 3:47 PM","Sep 25, 2026, 4:15 PM",,Incline Bench Press (Barbell),,,1,normal,140,8,,,
Afternoon workout 💪,"Sep 25, 2026, 3:47 PM","Sep 25, 2026, 4:15 PM",,Incline Bench Press (Barbell),,,2,normal,140,8,,,
Afternoon workout 💪,"Sep 25, 2026, 3:47 PM","Sep 25, 2026, 4:15 PM",,Seated Cable Row - V Grip (Cable),,,0,normal,82.5,12,,,
Afternoon workout 💪,"Sep 25, 2026, 3:47 PM","Sep 25, 2026, 4:15 PM",,Seated Cable Row - V Grip (Cable),,,1,normal,90,12,,,
Afternoon workout 💪,"Sep 25, 2026, 3:47 PM","Sep 25, 2026, 4:15 PM",,Seated Cable Row - V Grip (Cable),,,2,normal,90,12,,,
Afternoon workout 💪,"Sep 25, 2026, 3:47 PM","Sep 25, 2026, 4:15 PM",,Lat Pulldown (Machine),,,0,normal,125,12,,,
Afternoon workout 💪,"Sep 25, 2026, 3:47 PM","Sep 25, 2026, 4:15 PM",,Lat Pulldown (Machine),,,1,normal,125,12,,,
Afternoon workout 💪,"Sep 25, 2026, 3:47 PM","Sep 25, 2026, 4:15 PM",,Lat Pulldown (Machine),,,2,normal,125,12,,,
Evening workout 🏋️,"Sep 24, 2026, 6:47 PM","Sep 24, 2026, 7:11 PM",,Preacher Curl (Dumbbell),,,0,normal,30,15,,,
Evening workout 🏋️,"Sep 24, 2026, 6:47 PM","Sep 24, 2026, 7:11 PM",,Preacher Curl (Dumbbell),,,1,normal,30,12,,,
Evening workout 🏋️,"Sep 24, 2026, 6:47 PM","Sep 24, 2026, 7:11 PM",,Preacher Curl (Dumbbell),,,2,normal,30,12,,,
Evening workout 🏋️,"Sep 24, 2026, 6:47 PM","Sep 24, 2026, 7:11 PM",,Triceps Pushdown,,,0,normal,60,15,,,
Evening workout 🏋️,"Sep 24, 2026, 6:47 PM","Sep 24, 2026, 7:11 PM",,Triceps Pushdown,,,1,normal,60,15,,,
Evening workout 🏋️,"Sep 24, 2026, 6:47 PM","Sep 24, 2026, 7:11 PM",,Overhead Triceps Extension (Cable),,,0,normal,52.5,10,,,
Evening workout 🏋️,"Sep 24, 2026, 6:47 PM","Sep 24, 2026, 7:11 PM",,Overhead Triceps Extension (Cable),,,1,normal,50,12,,,
Evening workout 🏋️,"Sep 24, 2026, 6:47 PM","Sep 24, 2026, 7:11 PM",,Lateral Raise (Dumbbell),,,0,normal,25,12,,,
Evening workout 🏋️,"Sep 24, 2026, 6:47 PM","Sep 24, 2026, 7:11 PM",,Lateral Raise (Dumbbell),,,1,normal,25,12,,,
Afternoon workout 💪,"Sep 22, 2026, 5:13 PM","Sep 22, 2026, 5:59 PM",,Bench Press (Barbell),,,0,normal,135,8,,,
Afternoon workout 💪,"Sep 22, 2026, 5:13 PM","Sep 22, 2026, 5:59 PM",,Bench Press (Barbell),,,1,normal,190,5,,,
Afternoon workout 💪,"Sep 22, 2026, 5:13 PM","Sep 22, 2026, 5:59 PM",,Bench Press (Barbell),,,2,normal,185,5,,,
Afternoon workout 💪,"Sep 22, 2026, 5:13 PM","Sep 22, 2026, 5:59 PM",,Bench Press (Barbell),,,3,normal,185,5,,,
Afternoon workout 💪,"Sep 22, 2026, 5:13 PM","Sep 22, 2026, 5:59 PM",,Incline Bench Press (Barbell),,,0,normal,135,10,,,
Afternoon workout 💪,"Sep 22, 2026, 5:13 PM","Sep 22, 2026, 5:59 PM",,Incline Bench Press (Barbell),,,1,normal,135,10,,,
Afternoon workout 💪,"Sep 22, 2026, 5:13 PM","Sep 22, 2026, 5:59 PM",,Incline Bench Press (Barbell),,,2,normal,135,8,,,
Afternoon workout 💪,"Sep 22, 2026, 5:13 PM","Sep 22, 2026, 5:59 PM",,Chest Press (Machine),,,0,normal,160,12,,,
Afternoon workout 💪,"Sep 22, 2026, 5:13 PM","Sep 22, 2026, 5:59 PM",,Chest Press (Machine),,,1,normal,160,12,,,
Afternoon workout 💪,"Sep 22, 2026, 5:13 PM","Sep 22, 2026, 5:59 PM",,Butterfly (Pec Deck),,,0,normal,155,10,,,
Afternoon workout 💪,"Sep 22, 2026, 5:13 PM","Sep 22, 2026, 5:59 PM",,Butterfly (Pec Deck),,,1,normal,150,12,,,
Evening workout 🏋️,"Sep 20, 2026, 8:37 PM","Sep 20, 2026, 9:10 PM",,Preacher Curl (Dumbbell),,,0,normal,30,12,,,
Evening workout 🏋️,"Sep 20, 2026, 8:37 PM","Sep 20, 2026, 9:10 PM",,Preacher Curl (Dumbbell),,,1,normal,30,12,,,
Evening workout 🏋️,"Sep 20, 2026, 8:37 PM","Sep 20, 2026, 9:10 PM",,Preacher Curl (Dumbbell),,,2,normal,30,12,,,
Evening workout 🏋️,"Sep 20, 2026, 8:37 PM","Sep 20, 2026, 9:10 PM",,Lateral Raise (Dumbbell),,,0,normal,25,12,,,
Evening workout 🏋️,"Sep 20, 2026, 8:37 PM","Sep 20, 2026, 9:10 PM",,Lateral Raise (Dumbbell),,,1,normal,25,12,,,
Evening workout 🏋️,"Sep 20, 2026, 8:37 PM","Sep 20, 2026, 9:10 PM",,Lateral Raise (Dumbbell),,,2,normal,25,12,,,
Evening workout 🏋️,"Sep 20, 2026, 8:37 PM","Sep 20, 2026, 9:10 PM",,Triceps Pushdown,,,0,normal,57.5,15,,,
Evening workout 🏋️,"Sep 20, 2026, 8:37 PM","Sep 20, 2026, 9:10 PM",,Triceps Pushdown,,,1,normal,57.5,15,,,
Evening workout 🏋️,"Sep 20, 2026, 8:37 PM","Sep 20, 2026, 9:10 PM",,Triceps Pushdown,,,2,normal,57.5,15,,,
Morning workout ☀️,"Sep 19, 2026, 11:18 AM","Sep 19, 2026, 11:49 AM",,Rear Delt Reverse Fly (Machine),,,0,normal,70,12,,,
Morning workout ☀️,"Sep 19, 2026, 11:18 AM","Sep 19, 2026, 11:49 AM",,Seated Row (Machine),,,0,normal,150,8,,,
Morning workout ☀️,"Sep 19, 2026, 11:18 AM","Sep 19, 2026, 11:49 AM",,Seated Row (Machine),,,1,normal,190,12,,,
Morning workout ☀️,"Sep 19, 2026, 11:18 AM","Sep 19, 2026, 11:49 AM",,Seated Row (Machine),,,2,normal,190,12,,,
Morning workout ☀️,"Sep 19, 2026, 11:18 AM","Sep 19, 2026, 11:49 AM",,Seated Row (Machine),,,3,normal,190,12,,,
Morning workout ☀️,"Sep 19, 2026, 11:18 AM","Sep 19, 2026, 11:49 AM",,Lat Pulldown (Machine),,,0,normal,90,15,,,
Morning workout ☀️,"Sep 19, 2026, 11:18 AM","Sep 19, 2026, 11:49 AM",,Lat Pulldown (Machine),,,1,normal,115,12,,,
Morning workout ☀️,"Sep 19, 2026, 11:18 AM","Sep 19, 2026, 11:49 AM",,Lat Pulldown (Machine),,,2,normal,125,12,,,
Morning workout ☀️,"Sep 19, 2026, 11:18 AM","Sep 19, 2026, 11:49 AM",,Lat Pulldown (Machine),,,3,normal,125,8,,,
Morning workout ☀️,"Sep 19, 2026, 11:18 AM","Sep 19, 2026, 11:49 AM",,Seated Cable Row - V Grip (Cable),,,0,normal,90,12,,,
Morning workout ☀️,"Sep 19, 2026, 11:18 AM","Sep 19, 2026, 11:49 AM",,Seated Cable Row - V Grip (Cable),,,1,normal,90,8,,,
Evening workout 🏋️,"Sep 18, 2026, 6:44 PM","Sep 18, 2026, 7:27 PM",,Bench Press (Barbell),,,0,normal,135,8,,,
Evening workout 🏋️,"Sep 18, 2026, 6:44 PM","Sep 18, 2026, 7:27 PM",,Bench Press (Barbell),,,1,normal,185,5,,,
Evening workout 🏋️,"Sep 18, 2026, 6:44 PM","Sep 18, 2026, 7:27 PM",,Bench Press (Barbell),,,2,normal,185,5,,,
Evening workout 🏋️,"Sep 18, 2026, 6:44 PM","Sep 18, 2026, 7:27 PM",,Bench Press (Barbell),,,3,normal,185,5,,,
Evening workout 🏋️,"Sep 18, 2026, 6:44 PM","Sep 18, 2026, 7:27 PM",,Incline Bench Press (Barbell),,,0,normal,135,10,,,
Evening workout 🏋️,"Sep 18, 2026, 6:44 PM","Sep 18, 2026, 7:27 PM",,Incline Bench Press (Barbell),,,1,normal,135,8,,,
Evening workout 🏋️,"Sep 18, 2026, 6:44 PM","Sep 18, 2026, 7:27 PM",,Incline Bench Press (Barbell),,,2,normal,135,10,,,
Evening workout 🏋️,"Sep 18, 2026, 6:44 PM","Sep 18, 2026, 7:27 PM",,Butterfly (Pec Deck),,,0,normal,150,10,,,
Evening workout 🏋️,"Sep 18, 2026, 6:44 PM","Sep 18, 2026, 7:27 PM",,Butterfly (Pec Deck),,,1,normal,150,12,,,
Evening workout 🏋️,"Sep 18, 2026, 6:44 PM","Sep 18, 2026, 7:27 PM",,Chest Press (Machine),,,0,normal,160,12,,,
Evening workout 🏋️,"Sep 18, 2026, 6:44 PM","Sep 18, 2026, 7:27 PM",,Chest Press (Machine),,,1,normal,160,4,,,
Evening workout 🏋️,"Sep 18, 2026, 6:44 PM","Sep 18, 2026, 7:27 PM",,Chest Press (Machine),,,2,normal,140,4,,,
Evening workout 🏋️,"Sep 18, 2026, 6:44 PM","Sep 18, 2026, 7:27 PM",,Chest Press (Machine),,,3,normal,128,4,,,
Afternoon workout 💪,"Sep 15, 2026, 2:47 PM","Sep 15, 2026, 3:41 PM",,Preacher Curl (Dumbbell),,,0,normal,30,12,,,
Afternoon workout 💪,"Sep 15, 2026, 2:47 PM","Sep 15, 2026, 3:41 PM",,Preacher Curl (Dumbbell),,,1,normal,30,10,,,
Afternoon workout 💪,"Sep 15, 2026, 2:47 PM","Sep 15, 2026, 3:41 PM",,Preacher Curl (Dumbbell),,,2,normal,30,10,,,
Afternoon workout 💪,"Sep 15, 2026, 2:47 PM","Sep 15, 2026, 3:41 PM",,Lateral Raise (Dumbbell),,,0,normal,25,10,,,
Afternoon workout 💪,"Sep 15, 2026, 2:47 PM","Sep 15, 2026, 3:41 PM",,Lateral Raise (Dumbbell),,,1,normal,25,10,,,
Afternoon workout 💪,"Sep 15, 2026, 2:47 PM","Sep 15, 2026, 3:41 PM",,Lateral Raise (Dumbbell),,,2,normal,25,10,,,
Afternoon workout 💪,"Sep 15, 2026, 2:47 PM","Sep 15, 2026, 3:41 PM",,Triceps Pushdown,,,0,normal,57.5,12,,,
Afternoon workout 💪,"Sep 15, 2026, 2:47 PM","Sep 15, 2026, 3:41 PM",,Triceps Pushdown,,,1,normal,57.5,12,,,
Afternoon workout 💪,"Sep 15, 2026, 2:47 PM","Sep 15, 2026, 3:41 PM",,Triceps Pushdown,,,2,normal,57.5,12,,,
Afternoon workout 💪,"Sep 15, 2026, 2:47 PM","Sep 15, 2026, 3:41 PM",,Overhead Triceps Extension (Cable),,,0,normal,42.5,15,,,
Afternoon workout 💪,"Sep 15, 2026, 2:47 PM","Sep 15, 2026, 3:41 PM",,Overhead Triceps Extension (Cable),,,1,normal,50,12,,,
Afternoon workout 💪,"Sep 15, 2026, 2:47 PM","Sep 15, 2026, 3:41 PM",,Single Arm Triceps Pushdown (Cable),,,0,normal,20,12,,,
Afternoon workout 💪,"Sep 15, 2026, 2:47 PM","Sep 15, 2026, 3:41 PM",,Behind the Back Curl (Cable),,,0,normal,20,12,,,
Afternoon workout 💪,"Sep 15, 2026, 2:47 PM","Sep 15, 2026, 3:41 PM",,Behind the Back Curl (Cable),,,1,normal,20,12,,,
Afternoon workout 💪,"Sep 13, 2026, 12:27 PM","Sep 13, 2026, 1:11 PM",,Preacher Curl (Dumbbell),,,0,normal,30,10,,,
Afternoon workout 💪,"Sep 13, 2026, 12:27 PM","Sep 13, 2026, 1:11 PM",,Preacher Curl (Dumbbell),,,1,normal,30,10,,,
Afternoon workout 💪,"Sep 13, 2026, 12:27 PM","Sep 13, 2026, 1:11 PM",,Preacher Curl (Dumbbell),,,2,normal,30,10,,,
Afternoon workout 💪,"Sep 13, 2026, 12:27 PM","Sep 13, 2026, 1:11 PM",,Lateral Raise (Dumbbell),,,0,normal,25,10,,,
Afternoon workout 💪,"Sep 13, 2026, 12:27 PM","Sep 13, 2026, 1:11 PM",,Lateral Raise (Dumbbell),,,1,normal,25,10,,,
Afternoon workout 💪,"Sep 13, 2026, 12:27 PM","Sep 13, 2026, 1:11 PM",,Lateral Raise (Dumbbell),,,2,normal,25,8,,,
Afternoon workout 💪,"Sep 13, 2026, 12:27 PM","Sep 13, 2026, 1:11 PM",,Leg Raise Parallel Bars,,,0,normal,,12,,,
Afternoon workout 💪,"Sep 13, 2026, 12:27 PM","Sep 13, 2026, 1:11 PM",,Triceps Pushdown,,,0,normal,57.5,12,,,
Afternoon workout 💪,"Sep 13, 2026, 12:27 PM","Sep 13, 2026, 1:11 PM",,Triceps Pushdown,,,1,normal,57.5,12,,,
Afternoon workout 💪,"Sep 13, 2026, 12:27 PM","Sep 13, 2026, 1:11 PM",,Triceps Pushdown,,,2,normal,57.5,12,,,
Afternoon workout 💪,"Sep 13, 2026, 12:27 PM","Sep 13, 2026, 1:11 PM",,Overhead Triceps Extension (Cable),,,0,normal,42.5,15,,,
Afternoon workout 💪,"Sep 13, 2026, 12:27 PM","Sep 13, 2026, 1:11 PM",,Overhead Triceps Extension (Cable),,,1,normal,42.5,15,,,
Afternoon workout 💪,"Sep 13, 2026, 12:27 PM","Sep 13, 2026, 1:11 PM",,Single Arm Curl (Cable),,,0,normal,15,12,,,
Afternoon workout 💪,"Sep 13, 2026, 12:27 PM","Sep 13, 2026, 1:11 PM",,Single Arm Curl (Cable),,,1,normal,20,12,,,
Afternoon workout 💪,"Sep 13, 2026, 12:27 PM","Sep 13, 2026, 1:11 PM",,Single Arm Triceps Pushdown (Cable),,,0,normal,20,12,,,
Afternoon workout 💪,"Sep 13, 2026, 12:27 PM","Sep 13, 2026, 1:11 PM",,Single Arm Triceps Pushdown (Cable),,,1,normal,20,8,,,
Morning workout ☀️,"Sep 12, 2026, 12:15 PM","Sep 12, 2026, 12:35 PM",,Incline Bench Press (Barbell),,,0,normal,135,7,,,
Morning workout ☀️,"Sep 12, 2026, 12:15 PM","Sep 12, 2026, 12:35 PM",,Incline Bench Press (Barbell),,,1,normal,135,8,,,
Morning workout ☀️,"Sep 12, 2026, 12:15 PM","Sep 12, 2026, 12:35 PM",,Incline Bench Press (Barbell),,,2,normal,135,8,,,
Morning workout ☀️,"Sep 12, 2026, 12:15 PM","Sep 12, 2026, 12:35 PM",,Seated Cable Row - V Grip (Cable),,,0,normal,82.5,12,,,
Morning workout ☀️,"Sep 12, 2026, 12:15 PM","Sep 12, 2026, 12:35 PM",,Seated Cable Row - V Grip (Cable),,,1,normal,82.5,12,,,
Morning workout ☀️,"Sep 12, 2026, 12:15 PM","Sep 12, 2026, 12:35 PM",,Seated Cable Row - V Grip (Cable),,,2,normal,82.5,12,,,
Morning workout ☀️,"Sep 12, 2026, 12:15 PM","Sep 12, 2026, 12:35 PM",,Leg Raise Parallel Bars,,,0,normal,,12,,,
Morning workout ☀️,"Sep 12, 2026, 12:15 PM","Sep 12, 2026, 12:35 PM",,Leg Raise Parallel Bars,,,1,normal,,12,,,
Morning workout ☀️,"Sep 12, 2026, 12:15 PM","Sep 12, 2026, 12:35 PM",,Bicep Curl (Dumbbell),,,0,normal,35,12,,,
Afternoon workout 💪,"Sep 11, 2026, 5:06 PM","Sep 11, 2026, 5:32 PM",,Leg Press Horizontal (Machine),,,0,normal,185,15,,,
Afternoon workout 💪,"Sep 11, 2026, 5:06 PM","Sep 11, 2026, 5:32 PM",,Leg Press Horizontal (Machine),,,1,normal,185,15,,,
Afternoon workout 💪,"Sep 11, 2026, 5:06 PM","Sep 11, 2026, 5:32 PM",,Leg Press Horizontal (Machine),,,2,normal,190,15,,,
Afternoon workout 💪,"Sep 11, 2026, 5:06 PM","Sep 11, 2026, 5:32 PM",,Single Leg Standing Calf Raise (Machine),,,0,normal,110,15,,,
Afternoon workout 💪,"Sep 11, 2026, 5:06 PM","Sep 11, 2026, 5:32 PM",,Single Leg Standing Calf Raise (Machine),,,1,normal,115,15,,,
Afternoon workout 💪,"Sep 11, 2026, 5:06 PM","Sep 11, 2026, 5:32 PM",,Hip Abduction (Machine),,,0,normal,160,15,,,
Afternoon workout 💪,"Sep 11, 2026, 5:06 PM","Sep 11, 2026, 5:32 PM",,Hip Abduction (Machine),,,1,normal,160,15,,,
Afternoon workout 💪,"Sep 11, 2026, 5:06 PM","Sep 11, 2026, 5:32 PM",,Hip Adduction (Machine),,,0,normal,120,15,,,
Afternoon workout 💪,"Sep 11, 2026, 5:06 PM","Sep 11, 2026, 5:32 PM",,Hip Adduction (Machine),,,1,normal,125,15,,,
Afternoon workout 💪,"Sep 10, 2026, 6:04 PM","Sep 10, 2026, 6:35 PM",,Lateral Raise (Dumbbell),,,0,normal,20,17,,,
Afternoon workout 💪,"Sep 10, 2026, 6:04 PM","Sep 10, 2026, 6:35 PM",,Lateral Raise (Dumbbell),,,1,normal,20,15,,,
Afternoon workout 💪,"Sep 10, 2026, 6:04 PM","Sep 10, 2026, 6:35 PM",,Decline Crunch (Weighted),,,0,normal,35,15,,,
Afternoon workout 💪,"Sep 10, 2026, 6:04 PM","Sep 10, 2026, 6:35 PM",,Decline Crunch (Weighted),,,1,normal,35,15,,,
Afternoon workout 💪,"Sep 10, 2026, 6:04 PM","Sep 10, 2026, 6:35 PM",,Bicep Curl (Dumbbell),,,0,normal,35,12,,,
Afternoon workout 💪,"Sep 10, 2026, 6:04 PM","Sep 10, 2026, 6:35 PM",,Bicep Curl (Dumbbell),,,1,normal,35,12,,,
Afternoon workout 💪,"Sep 10, 2026, 6:04 PM","Sep 10, 2026, 6:35 PM",,Bicep Curl (Dumbbell),,,2,normal,35,12,,,
Afternoon workout 💪,"Sep 10, 2026, 6:04 PM","Sep 10, 2026, 6:35 PM",,Triceps Rope Pushdown,,,0,normal,50,25,,,
Afternoon workout 💪,"Sep 10, 2026, 6:04 PM","Sep 10, 2026, 6:35 PM",,Triceps Rope Pushdown,,,1,normal,57.5,20,,,
Afternoon workout 💪,"Sep 10, 2026, 6:04 PM","Sep 10, 2026, 6:35 PM",,Triceps Rope Pushdown,,,2,normal,57.5,20,,,
Evening workout 🏋️,"Sep 9, 2026, 7:05 PM","Sep 9, 2026, 7:50 PM",,Bench Press (Barbell),,,0,normal,135,8,,,
Evening workout 🏋️,"Sep 9, 2026, 7:05 PM","Sep 9, 2026, 7:50 PM",,Bench Press (Barbell),,,1,normal,185,5,,,
Evening workout 🏋️,"Sep 9, 2026, 7:05 PM","Sep 9, 2026, 7:50 PM",,Bench Press (Barbell),,,2,normal,185,5,,,
Evening workout 🏋️,"Sep 9, 2026, 7:05 PM","Sep 9, 2026, 7:50 PM",,Bench Press (Barbell),,,3,normal,185,5,,,
Evening workout 🏋️,"Sep 9, 2026, 7:05 PM","Sep 9, 2026, 7:50 PM",,Decline Crunch,,,0,normal,,30,,,
Evening workout 🏋️,"Sep 9, 2026, 7:05 PM","Sep 9, 2026, 7:50 PM",,Leg Raise Parallel Bars,,,0,normal,,12,,,
Evening workout 🏋️,"Sep 9, 2026, 7:05 PM","Sep 9, 2026, 7:50 PM",,Seated Row (Machine),,,0,normal,150,8,,,
Evening workout 🏋️,"Sep 9, 2026, 7:05 PM","Sep 9, 2026, 7:50 PM",,Seated Row (Machine),,,1,normal,190,12,,,
Evening workout 🏋️,"Sep 9, 2026, 7:05 PM","Sep 9, 2026, 7:50 PM",,Seated Row (Machine),,,2,normal,190,12,,,
Evening workout 🏋️,"Sep 9, 2026, 7:05 PM","Sep 9, 2026, 7:50 PM",,Seated Row (Machine),,,3,normal,190,12,,,
Evening workout 🏋️,"Sep 9, 2026, 7:05 PM","Sep 9, 2026, 7:50 PM",,Incline Bench Press (Dumbbell),,,0,normal,50,10,,,
Evening workout 🏋️,"Sep 9, 2026, 7:05 PM","Sep 9, 2026, 7:50 PM",,Incline Bench Press (Dumbbell),,,1,normal,50,10,,,
Evening workout 🏋️,"Sep 9, 2026, 7:05 PM","Sep 9, 2026, 7:50 PM",,Incline Bench Press (Dumbbell),,,2,normal,50,10,,,
Evening workout 🏋️,"Sep 4, 2026, 6:43 PM","Sep 4, 2026, 7:16 PM",,Bench Press (Barbell),,,0,normal,135,8,,,
Evening workout 🏋️,"Sep 4, 2026, 6:43 PM","Sep 4, 2026, 7:16 PM",,Bench Press (Barbell),,,1,normal,185,5,,,
Evening workout 🏋️,"Sep 4, 2026, 6:43 PM","Sep 4, 2026, 7:16 PM",,Bench Press (Barbell),,,2,normal,185,5,,,
Evening workout 🏋️,"Sep 4, 2026, 6:43 PM","Sep 4, 2026, 7:16 PM",,Bench Press (Barbell),,,3,normal,185,5,,,
Evening workout 🏋️,"Sep 4, 2026, 6:43 PM","Sep 4, 2026, 7:16 PM",,Leg Raise Parallel Bars,0,,0,normal,,12,,,
Evening workout 🏋️,"Sep 4, 2026, 6:43 PM","Sep 4, 2026, 7:16 PM",,Leg Raise Parallel Bars,0,,1,normal,,12,,,
Evening workout 🏋️,"Sep 4, 2026, 6:43 PM","Sep 4, 2026, 7:16 PM",,Lateral Raise (Dumbbell),0,,0,normal,20,17,,,
Evening workout 🏋️,"Sep 4, 2026, 6:43 PM","Sep 4, 2026, 7:16 PM",,Lateral Raise (Dumbbell),0,,1,normal,20,15,,,
Evening workout 🏋️,"Sep 4, 2026, 6:43 PM","Sep 4, 2026, 7:16 PM",,Lateral Raise (Dumbbell),0,,2,normal,20,15,,,
Evening workout 🏋️,"Sep 4, 2026, 6:43 PM","Sep 4, 2026, 7:16 PM",,Bicep Curl (Dumbbell),,,0,normal,35,12,,,
Evening workout 🏋️,"Sep 4, 2026, 6:43 PM","Sep 4, 2026, 7:16 PM",,Seated Leg Curl (Machine),0,,0,normal,110,12,,,
Evening workout 🏋️,"Sep 4, 2026, 6:43 PM","Sep 4, 2026, 7:16 PM",,Seated Leg Curl (Machine),0,,1,normal,110,12,,,
Evening workout 🏋️,"Sep 4, 2026, 6:43 PM","Sep 4, 2026, 7:16 PM",,Decline Crunch,,,0,normal,,30,,,
Afternoon workout 💪,"Sep 3, 2026, 2:40 PM","Sep 3, 2026, 3:16 PM",,Bicep Curl (Dumbbell),0,,0,normal,35,12,,,
Afternoon workout 💪,"Sep 3, 2026, 2:40 PM","Sep 3, 2026, 3:16 PM",,Lateral Raise (Dumbbell),0,,0,normal,20,15,,,
Afternoon workout 💪,"Sep 3, 2026, 2:40 PM","Sep 3, 2026, 3:16 PM",,Lateral Raise (Dumbbell),0,,1,normal,20,15,,,
Afternoon workout 💪,"Sep 3, 2026, 2:40 PM","Sep 3, 2026, 3:16 PM",,Lateral Raise (Dumbbell),0,,2,normal,20,15,,,
Afternoon workout 💪,"Sep 3, 2026, 2:40 PM","Sep 3, 2026, 3:16 PM",,Seated Incline Curl (Dumbbell),0,,0,normal,20,15,,,
Afternoon workout 💪,"Sep 3, 2026, 2:40 PM","Sep 3, 2026, 3:16 PM",,Seated Incline Curl (Dumbbell),0,,1,normal,25,12,,,
Afternoon workout 💪,"Sep 3, 2026, 2:40 PM","Sep 3, 2026, 3:16 PM",,Decline Crunch,,,0,normal,,30,,,
Afternoon workout 💪,"Sep 3, 2026, 2:40 PM","Sep 3, 2026, 3:16 PM",,Triceps Rope Pushdown,,,0,normal,45,30,,,
Afternoon workout 💪,"Sep 3, 2026, 2:40 PM","Sep 3, 2026, 3:16 PM",,Triceps Rope Pushdown,,,1,normal,45,30,,,
Afternoon workout 💪,"Sep 3, 2026, 2:40 PM","Sep 3, 2026, 3:16 PM",,Triceps Rope Pushdown,,,2,normal,50,30,,,
Afternoon workout 💪,"Sep 3, 2026, 2:40 PM","Sep 3, 2026, 3:16 PM",,Hammer Curl (Cable),,,0,normal,50,20,,,
Evening workout 🏋️,"Sep 2, 2026, 7:15 PM","Sep 2, 2026, 7:39 PM",,Incline Bench Press (Barbell),,,0,normal,135,7,,,
Evening workout 🏋️,"Sep 2, 2026, 7:15 PM","Sep 2, 2026, 7:39 PM",,Incline Bench Press (Barbell),,,1,normal,135,8,,,
Evening workout 🏋️,"Sep 2, 2026, 7:15 PM","Sep 2, 2026, 7:39 PM",,Incline Bench Press (Barbell),,,2,normal,135,8,,,
Evening workout 🏋️,"Sep 2, 2026, 7:15 PM","Sep 2, 2026, 7:39 PM",,Seated Cable Row - V Grip (Cable),,,0,normal,82.5,12,,,
Evening workout 🏋️,"Sep 2, 2026, 7:15 PM","Sep 2, 2026, 7:39 PM",,Seated Cable Row - V Grip (Cable),,,1,normal,82.5,12,,,
Evening workout 🏋️,"Sep 2, 2026, 7:15 PM","Sep 2, 2026, 7:39 PM",,Seated Cable Row - V Grip (Cable),,,2,normal,82.5,12,,,
Afternoon workout 💪,"Aug 25, 2026, 5:16 PM","Aug 25, 2026, 6:01 PM",,Incline Bench Press (Barbell),,,0,normal,135,7,,,
Afternoon workout 💪,"Aug 25, 2026, 5:16 PM","Aug 25, 2026, 6:01 PM",,Incline Bench Press (Barbell),,,1,normal,175,5,,,
Afternoon workout 💪,"Aug 25, 2026, 5:16 PM","Aug 25, 2026, 6:01 PM",,Incline Bench Press (Barbell),,,2,normal,165,6,,,
Afternoon workout 💪,"Aug 25, 2026, 5:16 PM","Aug 25, 2026, 6:01 PM",,Incline Bench Press (Barbell),,,3,normal,165,5,,,
Afternoon workout 💪,"Aug 25, 2026, 5:16 PM","Aug 25, 2026, 6:01 PM",,Seated Cable Row - V Grip (Cable),,,0,normal,82.5,12,,,
Afternoon workout 💪,"Aug 25, 2026, 5:16 PM","Aug 25, 2026, 6:01 PM",,Seated Cable Row - V Grip (Cable),,,1,normal,82.5,12,,,
Afternoon workout 💪,"Aug 25, 2026, 5:16 PM","Aug 25, 2026, 6:01 PM",,Seated Cable Row - V Grip (Cable),,,2,normal,82.5,12,,,
Afternoon workout 💪,"Aug 25, 2026, 5:16 PM","Aug 25, 2026, 6:01 PM",,Decline Crunch,,,0,normal,,30,,,
Afternoon workout 💪,"Aug 25, 2026, 5:16 PM","Aug 25, 2026, 6:01 PM",,Seated Row (Machine),,,0,normal,190,12,,,
Afternoon workout 💪,"Aug 25, 2026, 5:16 PM","Aug 25, 2026, 6:01 PM",,Seated Row (Machine),,,1,normal,190,12,,,
Afternoon workout 💪,"Aug 25, 2026, 5:16 PM","Aug 25, 2026, 6:01 PM",,Seated Row (Machine),,,2,normal,190,12,,,
Evening workout 🏋️,"Aug 24, 2026, 7:00 PM","Aug 24, 2026, 7:30 PM",,Triceps Rope Pushdown,0,,0,normal,42.5,12,,,
Evening workout 🏋️,"Aug 24, 2026, 7:00 PM","Aug 24, 2026, 7:30 PM",,Triceps Rope Pushdown,0,,1,normal,42.5,12,,,
Evening workout 🏋️,"Aug 24, 2026, 7:00 PM","Aug 24, 2026, 7:30 PM",,Triceps Rope Pushdown,0,,2,normal,42.5,12,,,
Evening workout 🏋️,"Aug 24, 2026, 7:00 PM","Aug 24, 2026, 7:30 PM",,Overhead Triceps Extension (Cable),0,,0,normal,42.5,12,,,
Evening workout 🏋️,"Aug 24, 2026, 7:00 PM","Aug 24, 2026, 7:30 PM",,Overhead Triceps Extension (Cable),0,,1,normal,42.5,12,,,
Evening workout 🏋️,"Aug 24, 2026, 7:00 PM","Aug 24, 2026, 7:30 PM",,Overhead Triceps Extension (Cable),0,,2,normal,42.5,12,,,
Evening workout 🏋️,"Aug 24, 2026, 7:00 PM","Aug 24, 2026, 7:30 PM",,Bicep Curl (Dumbbell),,,0,normal,35,12,,,
Evening workout 🏋️,"Aug 24, 2026, 7:00 PM","Aug 24, 2026, 7:30 PM",,Hammer Curl (Cable),,,0,normal,50,15,,,
Evening workout 🏋️,"Aug 24, 2026, 7:00 PM","Aug 24, 2026, 7:30 PM",,Hammer Curl (Cable),,,1,normal,50,15,,,
Evening workout 🏋️,"Aug 24, 2026, 7:00 PM","Aug 24, 2026, 7:30 PM",,Hammer Curl (Cable),,,2,normal,50,15,,,
Evening workout 🏋️,"Aug 24, 2026, 7:00 PM","Aug 24, 2026, 7:30 PM",,Seated Palms Up Wrist Curl,,,0,normal,30,15,,,
Evening workout 🏋️,"Aug 24, 2026, 7:00 PM","Aug 24, 2026, 7:30 PM",,Seated Palms Up Wrist Curl,,,1,normal,30,15,,,
Evening workout 🏋️,"Aug 24, 2026, 7:00 PM","Aug 24, 2026, 7:30 PM",,Lateral Raise (Dumbbell),,,0,normal,20,15,,,
Evening workout 🏋️,"Aug 24, 2026, 7:00 PM","Aug 24, 2026, 7:30 PM",,Lateral Raise (Dumbbell),,,1,normal,20,15,,,
Evening workout 🏋️,"Aug 24, 2026, 7:00 PM","Aug 24, 2026, 7:30 PM",,Lateral Raise (Dumbbell),,,2,normal,20,15,,,
Evening workout 🏋️,"Aug 24, 2026, 7:00 PM","Aug 24, 2026, 7:30 PM",,Leg Raise Parallel Bars,,,0,normal,,12,,,
Afternoon workout 💪,"Aug 23, 2026, 1:19 PM","Aug 23, 2026, 1:46 PM",,Leg Extension (Machine),,,0,normal,120,15,,,
Afternoon workout 💪,"Aug 23, 2026, 1:19 PM","Aug 23, 2026, 1:46 PM",,Leg Extension (Machine),,,1,normal,120,15,,,
Afternoon workout 💪,"Aug 23, 2026, 1:19 PM","Aug 23, 2026, 1:46 PM",,Leg Extension (Machine),,,2,normal,120,15,,,
Afternoon workout 💪,"Aug 23, 2026, 1:19 PM","Aug 23, 2026, 1:46 PM",,Seated Leg Curl (Machine),,,0,normal,110,12,,,
Afternoon workout 💪,"Aug 23, 2026, 1:19 PM","Aug 23, 2026, 1:46 PM",,Seated Leg Curl (Machine),,,1,normal,110,12,,,
Afternoon workout 💪,"Aug 23, 2026, 1:19 PM","Aug 23, 2026, 1:46 PM",,Hip Abduction (Machine),,,0,normal,155,15,,,
Afternoon workout 💪,"Aug 23, 2026, 1:19 PM","Aug 23, 2026, 1:46 PM",,Hip Abduction (Machine),,,1,normal,115,15,,,
Afternoon workout 💪,"Aug 23, 2026, 1:19 PM","Aug 23, 2026, 1:46 PM",,Hip Abduction (Machine),,,2,normal,155,15,,,
Afternoon workout 💪,"Aug 23, 2026, 1:19 PM","Aug 23, 2026, 1:46 PM",,Hip Adduction (Machine),,,0,normal,120,15,,,
Afternoon workout 💪,"Aug 23, 2026, 1:19 PM","Aug 23, 2026, 1:46 PM",,Hip Adduction (Machine),,,1,normal,120,15,,,
Afternoon workout 💪,"Aug 23, 2026, 1:19 PM","Aug 23, 2026, 1:46 PM",,Leg Raise Parallel Bars,,,0,normal,,12,,,
Afternoon workout 💪,"Aug 23, 2026, 1:19 PM","Aug 23, 2026, 1:46 PM",,Decline Crunch,,,0,normal,,30,,,
Afternoon workout 💪,"Aug 22, 2026, 1:25 PM","Aug 22, 2026, 1:54 PM",,Decline Crunch,,,0,normal,,30,,,
Afternoon workout 💪,"Aug 22, 2026, 1:25 PM","Aug 22, 2026, 1:54 PM",,Decline Crunch,,,1,normal,,30,,,
Afternoon workout 💪,"Aug 22, 2026, 1:25 PM","Aug 22, 2026, 1:54 PM",,Seated Cable Row - V Grip (Cable),,,0,normal,85,12,,,
Afternoon workout 💪,"Aug 22, 2026, 1:25 PM","Aug 22, 2026, 1:54 PM",,Seated Cable Row - V Grip (Cable),,,1,normal,82.5,12,,,
Afternoon workout 💪,"Aug 22, 2026, 1:25 PM","Aug 22, 2026, 1:54 PM",,Seated Cable Row - V Grip (Cable),,,2,normal,82.5,12,,,
Afternoon workout 💪,"Aug 22, 2026, 1:25 PM","Aug 22, 2026, 1:54 PM",,Bicep Curl (Dumbbell),,,0,normal,35,12,,,
Afternoon workout 💪,"Aug 22, 2026, 1:25 PM","Aug 22, 2026, 1:54 PM",,Hammer Curl (Cable),,,0,normal,50,15,,,
Afternoon workout 💪,"Aug 22, 2026, 1:25 PM","Aug 22, 2026, 1:54 PM",,Hammer Curl (Cable),,,1,normal,50,15,,,
Afternoon workout 💪,"Aug 22, 2026, 1:25 PM","Aug 22, 2026, 1:54 PM",,Hammer Curl (Cable),,,2,normal,50,15,,,
Afternoon workout 💪,"Aug 22, 2026, 1:25 PM","Aug 22, 2026, 1:54 PM",,Leg Raise Parallel Bars,,,0,normal,,15,,,
Meh atleast I came,"Aug 20, 2026, 6:57 PM","Aug 20, 2026, 7:45 PM",,Bench Press (Barbell),,,0,normal,135,8,,,
Meh atleast I came,"Aug 20, 2026, 6:57 PM","Aug 20, 2026, 7:45 PM",,Bench Press (Barbell),,,1,normal,195,5,,,
Meh atleast I came,"Aug 20, 2026, 6:57 PM","Aug 20, 2026, 7:45 PM",,Bench Press (Barbell),,,2,normal,195,5,,,
Meh atleast I came,"Aug 20, 2026, 6:57 PM","Aug 20, 2026, 7:45 PM",,Bench Press (Barbell),,,3,normal,185,5,,,
Meh atleast I came,"Aug 20, 2026, 6:57 PM","Aug 20, 2026, 7:45 PM",,Incline Bench Press (Barbell),,,0,normal,135,7,,,
Meh atleast I came,"Aug 20, 2026, 6:57 PM","Aug 20, 2026, 7:45 PM",,Incline Bench Press (Barbell),,,1,normal,135,6,,,
Meh atleast I came,"Aug 20, 2026, 6:57 PM","Aug 20, 2026, 7:45 PM",,Incline Bench Press (Barbell),,,2,normal,135,6,,,
Meh atleast I came,"Aug 20, 2026, 6:57 PM","Aug 20, 2026, 7:45 PM",,Butterfly (Pec Deck),,,0,normal,140,12,,,
Meh atleast I came,"Aug 20, 2026, 6:57 PM","Aug 20, 2026, 7:45 PM",,Decline Crunch,,,0,normal,,30,,,
Meh atleast I came,"Aug 20, 2026, 6:57 PM","Aug 20, 2026, 7:45 PM",,Decline Crunch,,,1,normal,,25,,,
Afternoon workout 💪,"Aug 19, 2026, 5:23 PM","Aug 19, 2026, 5:59 PM",,Leg Press (Machine),,,0,normal,360,10,,,
Afternoon workout 💪,"Aug 19, 2026, 5:23 PM","Aug 19, 2026, 5:59 PM",,Leg Press (Machine),,,1,normal,360,10,,,
Afternoon workout 💪,"Aug 19, 2026, 5:23 PM","Aug 19, 2026, 5:59 PM",,Leg Press (Machine),,,2,normal,350,10,,,
Afternoon workout 💪,"Aug 19, 2026, 5:23 PM","Aug 19, 2026, 5:59 PM",,Hip Abduction (Machine),0,,0,normal,150,15,,,
Afternoon workout 💪,"Aug 19, 2026, 5:23 PM","Aug 19, 2026, 5:59 PM",,Hip Abduction (Machine),0,,1,normal,150,15,,,
Afternoon workout 💪,"Aug 19, 2026, 5:23 PM","Aug 19, 2026, 5:59 PM",,Hip Abduction (Machine),0,,2,normal,155,15,,,
Afternoon workout 💪,"Aug 19, 2026, 5:23 PM","Aug 19, 2026, 5:59 PM",,Hip Adduction (Machine),0,,0,normal,120,15,,,
Afternoon workout 💪,"Aug 19, 2026, 5:23 PM","Aug 19, 2026, 5:59 PM",,Hip Adduction (Machine),0,,1,normal,120,15,,,
Afternoon workout 💪,"Aug 19, 2026, 5:23 PM","Aug 19, 2026, 5:59 PM",,Crunch (Machine),,,0,normal,12,40,,,
Afternoon workout 💪,"Aug 19, 2026, 5:23 PM","Aug 19, 2026, 5:59 PM",,Crunch (Machine),,,1,normal,11,40,,,
Afternoon workout 💪,"Aug 19, 2026, 5:23 PM","Aug 19, 2026, 5:59 PM",,Leg Extension (Machine),,,0,normal,120,13,,,
Afternoon workout 💪,"Aug 19, 2026, 5:23 PM","Aug 19, 2026, 5:59 PM",,Leg Extension (Machine),,,1,normal,120,12,,,
Afternoon workout 💪,"Aug 19, 2026, 5:23 PM","Aug 19, 2026, 5:59 PM",,Leg Raise Parallel Bars,,,0,normal,,12,,,
Afternoon workout 💪,"Aug 17, 2026, 5:24 PM","Aug 17, 2026, 6:11 PM",,Leg Raise Parallel Bars,,,0,normal,,12,,,
Afternoon workout 💪,"Aug 17, 2026, 5:24 PM","Aug 17, 2026, 6:11 PM",,Leg Raise Parallel Bars,,,1,normal,,12,,,
Afternoon workout 💪,"Aug 17, 2026, 5:24 PM","Aug 17, 2026, 6:11 PM",,Bicep Curl (Dumbbell),,,0,normal,35,12,,,
Afternoon workout 💪,"Aug 17, 2026, 5:24 PM","Aug 17, 2026, 6:11 PM",,Bicep Curl (Dumbbell),,,1,normal,35,12,,,
Afternoon workout 💪,"Aug 17, 2026, 5:24 PM","Aug 17, 2026, 6:11 PM",,Bicep Curl (Dumbbell),,,2,normal,35,12,,,
Afternoon workout 💪,"Aug 17, 2026, 5:24 PM","Aug 17, 2026, 6:11 PM",,Lateral Raise (Dumbbell),,,0,normal,20,15,,,
Afternoon workout 💪,"Aug 17, 2026, 5:24 PM","Aug 17, 2026, 6:11 PM",,Lateral Raise (Dumbbell),,,1,normal,20,15,,,
Afternoon workout 💪,"Aug 17, 2026, 5:24 PM","Aug 17, 2026, 6:11 PM",,Lateral Raise (Dumbbell),,,2,normal,20,15,,,
Afternoon workout 💪,"Aug 17, 2026, 5:24 PM","Aug 17, 2026, 6:11 PM",,Decline Crunch (Weighted),,,0,normal,25,15,,,
Afternoon workout 💪,"Aug 17, 2026, 5:24 PM","Aug 17, 2026, 6:11 PM",,Decline Crunch (Weighted),,,1,normal,35,12,,,
Afternoon workout 💪,"Aug 17, 2026, 5:24 PM","Aug 17, 2026, 6:11 PM",,Decline Crunch (Weighted),,,2,normal,35,8,,,
Afternoon workout 💪,"Aug 16, 2026, 5:24 PM","Aug 16, 2026, 5:59 PM",,Incline Bench Press (Barbell),,,0,normal,135,7,,,
Afternoon workout 💪,"Aug 16, 2026, 5:24 PM","Aug 16, 2026, 5:59 PM",,Incline Bench Press (Barbell),,,1,normal,165,5,,,
Afternoon workout 💪,"Aug 16, 2026, 5:24 PM","Aug 16, 2026, 5:59 PM",,Incline Bench Press (Barbell),,,2,normal,175,5,,,
Afternoon workout 💪,"Aug 16, 2026, 5:24 PM","Aug 16, 2026, 5:59 PM",,Incline Bench Press (Barbell),,,3,normal,170,5,,,
Afternoon workout 💪,"Aug 16, 2026, 5:24 PM","Aug 16, 2026, 5:59 PM",,Butterfly (Pec Deck),,,0,normal,140,12,,,
Afternoon workout 💪,"Aug 16, 2026, 5:24 PM","Aug 16, 2026, 5:59 PM",,Butterfly (Pec Deck),,,1,normal,140,12,,,
Afternoon workout 💪,"Aug 16, 2026, 5:24 PM","Aug 16, 2026, 5:59 PM",,Butterfly (Pec Deck),,,2,normal,140,12,,,
Afternoon workout 💪,"Aug 13, 2026, 5:09 PM","Aug 13, 2026, 5:40 PM",,Seated Cable Row - V Grip (Cable),,,0,normal,82.5,12,,,
Afternoon workout 💪,"Aug 13, 2026, 5:09 PM","Aug 13, 2026, 5:40 PM",,Seated Cable Row - V Grip (Cable),,,1,normal,85,10,,,
Afternoon workout 💪,"Aug 13, 2026, 5:09 PM","Aug 13, 2026, 5:40 PM",,Seated Cable Row - V Grip (Cable),,,2,normal,85,12,,,
Afternoon workout 💪,"Aug 13, 2026, 5:09 PM","Aug 13, 2026, 5:40 PM",,Bicep Curl (Dumbbell),,,0,normal,35,12,,,
Afternoon workout 💪,"Aug 13, 2026, 5:09 PM","Aug 13, 2026, 5:40 PM",,Bicep Curl (Dumbbell),,,1,normal,35,12,,,
Afternoon workout 💪,"Aug 13, 2026, 5:09 PM","Aug 13, 2026, 5:40 PM",,Decline Crunch (Weighted),,,0,normal,25,14,,,
Afternoon workout 💪,"Aug 13, 2026, 5:09 PM","Aug 13, 2026, 5:40 PM",,Decline Crunch (Weighted),,,1,normal,25,12,,,
Afternoon workout 💪,"Aug 13, 2026, 5:09 PM","Aug 13, 2026, 5:40 PM",,Seated Row (Machine),,,0,normal,190,12,,,
Afternoon workout 💪,"Aug 13, 2026, 5:09 PM","Aug 13, 2026, 5:40 PM",,Seated Row (Machine),,,1,normal,190,12,,,
Afternoon workout 💪,"Aug 13, 2026, 5:09 PM","Aug 13, 2026, 5:40 PM",,Leg Raise Parallel Bars,,,0,normal,,12,,,
Afternoon workout 💪,"Aug 13, 2026, 5:09 PM","Aug 13, 2026, 5:40 PM",,Leg Raise Parallel Bars,,,1,normal,,12,,,
Afternoon workout 💪,"Aug 12, 2026, 5:15 PM","Aug 12, 2026, 5:49 PM",,Leg Press (Machine),,,0,normal,350,12,,,
Afternoon workout 💪,"Aug 12, 2026, 5:15 PM","Aug 12, 2026, 5:49 PM",,Leg Press (Machine),,,1,normal,350,12,,,
Afternoon workout 💪,"Aug 12, 2026, 5:15 PM","Aug 12, 2026, 5:49 PM",,Leg Press (Machine),,,2,normal,350,12,,,
Afternoon workout 💪,"Aug 12, 2026, 5:15 PM","Aug 12, 2026, 5:49 PM",,Leg Extension (Machine),,,0,normal,115,12,,,
Afternoon workout 💪,"Aug 12, 2026, 5:15 PM","Aug 12, 2026, 5:49 PM",,Leg Extension (Machine),,,1,normal,115,12,,,
Afternoon workout 💪,"Aug 12, 2026, 5:15 PM","Aug 12, 2026, 5:49 PM",,Leg Extension (Machine),,,2,normal,115,12,,,
Afternoon workout 💪,"Aug 12, 2026, 5:15 PM","Aug 12, 2026, 5:49 PM",,Seated Leg Curl (Machine),,,0,normal,105,15,,,
Afternoon workout 💪,"Aug 12, 2026, 5:15 PM","Aug 12, 2026, 5:49 PM",,Seated Leg Curl (Machine),,,1,normal,105,15,,,
Afternoon workout 💪,"Aug 12, 2026, 5:15 PM","Aug 12, 2026, 5:49 PM",,Hip Abduction (Machine),0,,0,normal,150,15,,,
Afternoon workout 💪,"Aug 12, 2026, 5:15 PM","Aug 12, 2026, 5:49 PM",,Hip Abduction (Machine),0,,1,normal,150,15,,,
Afternoon workout 💪,"Aug 12, 2026, 5:15 PM","Aug 12, 2026, 5:49 PM",,Hip Abduction (Machine),0,,2,normal,155,15,,,
Afternoon workout 💪,"Aug 12, 2026, 5:15 PM","Aug 12, 2026, 5:49 PM",,Hip Adduction (Machine),0,,0,normal,115,15,,,
Afternoon workout 💪,"Aug 12, 2026, 5:15 PM","Aug 12, 2026, 5:49 PM",,Hip Adduction (Machine),0,,1,normal,115,15,,,
Afternoon workout 💪,"Aug 11, 2026, 5:17 PM","Aug 11, 2026, 6:09 PM",,Bicep Curl (Dumbbell),,,0,normal,35,12,,,
Afternoon workout 💪,"Aug 11, 2026, 5:17 PM","Aug 11, 2026, 6:09 PM",,Bicep Curl (Dumbbell),,,1,normal,35,12,,,
Afternoon workout 💪,"Aug 11, 2026, 5:17 PM","Aug 11, 2026, 6:09 PM",,Bicep Curl (Dumbbell),,,2,normal,35,12,,,
Afternoon workout 💪,"Aug 11, 2026, 5:17 PM","Aug 11, 2026, 6:09 PM",,Lateral Raise (Dumbbell),,,0,normal,20,15,,,
Afternoon workout 💪,"Aug 11, 2026, 5:17 PM","Aug 11, 2026, 6:09 PM",,Lateral Raise (Dumbbell),,,1,normal,20,15,,,
Afternoon workout 💪,"Aug 11, 2026, 5:17 PM","Aug 11, 2026, 6:09 PM",,Lateral Raise (Dumbbell),,,2,normal,20,15,,,
Afternoon workout 💪,"Aug 11, 2026, 5:17 PM","Aug 11, 2026, 6:09 PM",,Front Raise (Dumbbell),,,0,normal,15,15,,,
Afternoon workout 💪,"Aug 11, 2026, 5:17 PM","Aug 11, 2026, 6:09 PM",,Front Raise (Dumbbell),,,1,normal,17.6,10,,,
Afternoon workout 💪,"Aug 11, 2026, 5:17 PM","Aug 11, 2026, 6:09 PM",,Crunch (Machine),,,0,normal,11,40,,,
Afternoon workout 💪,"Aug 11, 2026, 5:17 PM","Aug 11, 2026, 6:09 PM",,Crunch (Machine),,,1,normal,11,40,,,
Afternoon workout 💪,"Aug 11, 2026, 5:17 PM","Aug 11, 2026, 6:09 PM",,Leg Raise Parallel Bars,,,0,normal,,12,,,
Afternoon workout 💪,"Aug 11, 2026, 5:17 PM","Aug 11, 2026, 6:09 PM",,Leg Raise Parallel Bars,,,1,normal,,12,,,
Afternoon workout 💪,"Aug 10, 2026, 3:56 PM","Aug 10, 2026, 4:34 PM",,Incline Bench Press (Barbell),,,0,normal,135,7,,,
Afternoon workout 💪,"Aug 10, 2026, 3:56 PM","Aug 10, 2026, 4:34 PM",,Incline Bench Press (Barbell),,,1,normal,165,5,,,
Afternoon workout 💪,"Aug 10, 2026, 3:56 PM","Aug 10, 2026, 4:34 PM",,Incline Bench Press (Barbell),,,2,normal,175,5,,,
Afternoon workout 💪,"Aug 10, 2026, 3:56 PM","Aug 10, 2026, 4:34 PM",,Incline Bench Press (Barbell),,,3,normal,170,5,,,
Afternoon workout 💪,"Aug 10, 2026, 3:56 PM","Aug 10, 2026, 4:34 PM",,Cable Fly Crossovers,,,0,normal,30,13,,,
Afternoon workout 💪,"Aug 10, 2026, 3:56 PM","Aug 10, 2026, 4:34 PM",,Cable Fly Crossovers,,,1,normal,30,12,,,
Afternoon workout 💪,"Aug 10, 2026, 3:56 PM","Aug 10, 2026, 4:34 PM",,Cable Fly Crossovers,,,2,normal,30,12,,,
Afternoon workout 💪,"Aug 10, 2026, 3:56 PM","Aug 10, 2026, 4:34 PM",,Seated Row (Machine),,,0,normal,150,12,,,
Afternoon workout 💪,"Aug 10, 2026, 3:56 PM","Aug 10, 2026, 4:34 PM",,Seated Row (Machine),,,1,normal,190,12,,,
Afternoon workout 💪,"Aug 10, 2026, 3:56 PM","Aug 10, 2026, 4:34 PM",,Seated Row (Machine),,,2,normal,190,12,,,
Afternoon workout 💪,"Aug 10, 2026, 3:56 PM","Aug 10, 2026, 4:34 PM",,Seated Row (Machine),,,3,normal,190,12,,,
Afternoon workout 💪,"Aug 10, 2026, 3:56 PM","Aug 10, 2026, 4:34 PM",,Seated Cable Row - V Grip (Cable),,,0,normal,82.5,12,,,
Afternoon workout 💪,"Aug 10, 2026, 3:56 PM","Aug 10, 2026, 4:34 PM",,Seated Cable Row - V Grip (Cable),,,1,normal,82.5,12,,,
Afternoon workout 💪,"Aug 9, 2026, 5:59 PM","Aug 9, 2026, 6:48 PM",,Seated Palms Up Wrist Curl,,,0,normal,25,25,,,
Afternoon workout 💪,"Aug 9, 2026, 5:59 PM","Aug 9, 2026, 6:48 PM",,Seated Palms Up Wrist Curl,,,1,normal,25,20,,,
Afternoon workout 💪,"Aug 9, 2026, 5:59 PM","Aug 9, 2026, 6:48 PM",,Bicep Curl (Dumbbell),,,0,normal,40,3,,,
Afternoon workout 💪,"Aug 9, 2026, 5:59 PM","Aug 9, 2026, 6:48 PM",,Bicep Curl (Dumbbell),,,1,normal,35,3,,,
Afternoon workout 💪,"Aug 9, 2026, 5:59 PM","Aug 9, 2026, 6:48 PM",,Bicep Curl (Dumbbell),,,2,normal,35,12,,,
Afternoon workout 💪,"Aug 9, 2026, 5:59 PM","Aug 9, 2026, 6:48 PM",,Bicep Curl (Dumbbell),,,3,normal,35,12,,,
Afternoon workout 💪,"Aug 9, 2026, 5:59 PM","Aug 9, 2026, 6:48 PM",,Lateral Raise (Dumbbell),,,0,normal,20,15,,,
Afternoon workout 💪,"Aug 9, 2026, 5:59 PM","Aug 9, 2026, 6:48 PM",,Lateral Raise (Dumbbell),,,1,normal,20,15,,,
Afternoon workout 💪,"Aug 9, 2026, 5:59 PM","Aug 9, 2026, 6:48 PM",,Lateral Raise (Dumbbell),,,2,normal,20,12,,,
Afternoon workout 💪,"Aug 9, 2026, 5:59 PM","Aug 9, 2026, 6:48 PM",,Front Raise (Dumbbell),,,0,normal,15,12,,,
Afternoon workout 💪,"Aug 9, 2026, 5:59 PM","Aug 9, 2026, 6:48 PM",,Front Raise (Dumbbell),,,1,normal,15,12,,,
Afternoon workout 💪,"Aug 9, 2026, 5:59 PM","Aug 9, 2026, 6:48 PM",,Crunch (Machine),,,0,normal,11,40,,,
Afternoon workout 💪,"Aug 9, 2026, 5:59 PM","Aug 9, 2026, 6:48 PM",,Triceps Rope Pushdown,0,,0,normal,40,12,,,
Afternoon workout 💪,"Aug 9, 2026, 5:59 PM","Aug 9, 2026, 6:48 PM",,Triceps Rope Pushdown,0,,1,normal,40,12,,,
Afternoon workout 💪,"Aug 9, 2026, 5:59 PM","Aug 9, 2026, 6:48 PM",,Triceps Rope Pushdown,0,,2,normal,40,12,,,
Afternoon workout 💪,"Aug 9, 2026, 5:59 PM","Aug 9, 2026, 6:48 PM",,Overhead Triceps Extension (Cable),0,,0,normal,40,15,,,
Afternoon workout 💪,"Aug 9, 2026, 5:59 PM","Aug 9, 2026, 6:48 PM",,Overhead Triceps Extension (Cable),0,,1,normal,40,15,,,
Afternoon workout 💪,"Aug 9, 2026, 5:59 PM","Aug 9, 2026, 6:48 PM",,Overhead Triceps Extension (Cable),0,,2,normal,40,15,,,
Afternoon workout 💪,"Aug 9, 2026, 5:59 PM","Aug 9, 2026, 6:48 PM",,Hammer Curl (Cable),,,0,normal,50,15,,,
Afternoon workout 💪,"Aug 9, 2026, 5:59 PM","Aug 9, 2026, 6:48 PM",,Hammer Curl (Cable),,,1,normal,50,15,,,
Afternoon workout 💪,"Aug 9, 2026, 5:59 PM","Aug 9, 2026, 6:48 PM",,Hammer Curl (Cable),,,2,normal,42.5,15,,,
Morning workout ☀️,"Aug 8, 2026, 12:27 PM","Aug 8, 2026, 12:48 PM",,Leg Press (Machine),,,0,normal,230,10,,,
Morning workout ☀️,"Aug 8, 2026, 12:27 PM","Aug 8, 2026, 12:48 PM",,Leg Press (Machine),,,1,normal,350,10,,,
Morning workout ☀️,"Aug 8, 2026, 12:27 PM","Aug 8, 2026, 12:48 PM",,Leg Press (Machine),,,2,normal,350,12,,,
Morning workout ☀️,"Aug 8, 2026, 12:27 PM","Aug 8, 2026, 12:48 PM",,Leg Press (Machine),,,3,normal,350,12,,,
Morning workout ☀️,"Aug 8, 2026, 12:27 PM","Aug 8, 2026, 12:48 PM",,Seated Leg Curl (Machine),,,0,normal,105,15,,,
Morning workout ☀️,"Aug 8, 2026, 12:27 PM","Aug 8, 2026, 12:48 PM",,Seated Leg Curl (Machine),,,1,normal,105,15,,,
Morning workout ☀️,"Aug 8, 2026, 12:27 PM","Aug 8, 2026, 12:48 PM",,Leg Extension (Machine),,,0,normal,110,15,,,
Morning workout ☀️,"Aug 8, 2026, 12:27 PM","Aug 8, 2026, 12:48 PM",,Leg Extension (Machine),,,1,normal,110,15,,,
Morning workout ☀️,"Aug 8, 2026, 12:27 PM","Aug 8, 2026, 12:48 PM",,Leg Extension (Machine),,,2,normal,110,15,,,
Afternoon workout 💪,"Aug 7, 2026, 5:18 PM","Aug 7, 2026, 6:05 PM",,Bicep Curl (Dumbbell),,,0,normal,35,12,,,
Afternoon workout 💪,"Aug 7, 2026, 5:18 PM","Aug 7, 2026, 6:05 PM",,Bicep Curl (Dumbbell),,,1,normal,35,12,,,
Afternoon workout 💪,"Aug 7, 2026, 5:18 PM","Aug 7, 2026, 6:05 PM",,Bicep Curl (Dumbbell),,,2,normal,35,12,,,
Afternoon workout 💪,"Aug 7, 2026, 5:18 PM","Aug 7, 2026, 6:05 PM",,Triceps Rope Pushdown,0,,0,normal,40,12,,,
Afternoon workout 💪,"Aug 7, 2026, 5:18 PM","Aug 7, 2026, 6:05 PM",,Triceps Rope Pushdown,0,,1,normal,40,14,,,
Afternoon workout 💪,"Aug 7, 2026, 5:18 PM","Aug 7, 2026, 6:05 PM",,Triceps Rope Pushdown,0,,2,normal,40,14,,,
Afternoon workout 💪,"Aug 7, 2026, 5:18 PM","Aug 7, 2026, 6:05 PM",,Overhead Triceps Extension (Cable),0,,0,normal,40,15,,,
Afternoon workout 💪,"Aug 7, 2026, 5:18 PM","Aug 7, 2026, 6:05 PM",,Overhead Triceps Extension (Cable),0,,1,normal,40,15,,,
Afternoon workout 💪,"Aug 7, 2026, 5:18 PM","Aug 7, 2026, 6:05 PM",,Overhead Triceps Extension (Cable),0,,2,normal,40,15,,,
Afternoon workout 💪,"Aug 7, 2026, 5:18 PM","Aug 7, 2026, 6:05 PM",,Lateral Raise (Cable),,,0,normal,15,15,,,
Afternoon workout 💪,"Aug 7, 2026, 5:18 PM","Aug 7, 2026, 6:05 PM",,Lateral Raise (Cable),,,1,normal,15,15,,,
Afternoon workout 💪,"Aug 7, 2026, 5:18 PM","Aug 7, 2026, 6:05 PM",,Lateral Raise (Cable),,,2,normal,15,12,,,
Afternoon workout 💪,"Aug 7, 2026, 5:18 PM","Aug 7, 2026, 6:05 PM",,Hammer Curl (Cable),,,0,normal,50,15,,,
Afternoon workout 💪,"Aug 7, 2026, 5:18 PM","Aug 7, 2026, 6:05 PM",,Hammer Curl (Cable),,,1,normal,50,15,,,
Evening workout 🏋️,"Aug 6, 2026, 6:48 PM","Aug 6, 2026, 7:19 PM",,Bench Press (Barbell),,,0,normal,135,8,,,
Evening workout 🏋️,"Aug 6, 2026, 6:48 PM","Aug 6, 2026, 7:19 PM",,Bench Press (Barbell),,,1,normal,200,5,,,
Evening workout 🏋️,"Aug 6, 2026, 6:48 PM","Aug 6, 2026, 7:19 PM",,Bench Press (Barbell),,,2,normal,195,5,,,
Evening workout 🏋️,"Aug 6, 2026, 6:48 PM","Aug 6, 2026, 7:19 PM",,Bench Press (Barbell),,,3,normal,195,3,,,
Evening workout 🏋️,"Aug 6, 2026, 6:48 PM","Aug 6, 2026, 7:19 PM",,Bench Press (Barbell),,,4,normal,190,2,,,
Evening workout 🏋️,"Aug 6, 2026, 6:48 PM","Aug 6, 2026, 7:19 PM",,Seated Cable Row - V Grip (Cable),,,0,normal,82.5,12,,,
Evening workout 🏋️,"Aug 6, 2026, 6:48 PM","Aug 6, 2026, 7:19 PM",,Seated Cable Row - V Grip (Cable),,,1,normal,82.5,12,,,
Evening workout 🏋️,"Aug 6, 2026, 6:48 PM","Aug 6, 2026, 7:19 PM",,Seated Cable Row - V Grip (Cable),,,2,normal,80,12,,,
Evening workout 🏋️,"Aug 4, 2026, 8:28 PM","Aug 4, 2026, 8:52 PM",,Leg Press (Machine),,,0,normal,350,10,,,
Evening workout 🏋️,"Aug 4, 2026, 8:28 PM","Aug 4, 2026, 8:52 PM",,Leg Press (Machine),,,1,normal,350,10,,,
Evening workout 🏋️,"Aug 4, 2026, 8:28 PM","Aug 4, 2026, 8:52 PM",,Leg Press (Machine),,,2,normal,350,10,,,
Evening workout 🏋️,"Aug 4, 2026, 8:28 PM","Aug 4, 2026, 8:52 PM",,Seated Leg Curl (Machine),,,0,normal,105,13,,,
Evening workout 🏋️,"Aug 4, 2026, 8:28 PM","Aug 4, 2026, 8:52 PM",,Seated Leg Curl (Machine),,,1,normal,105,13,,,
Evening workout 🏋️,"Aug 4, 2026, 8:28 PM","Aug 4, 2026, 8:52 PM",,Seated Leg Curl (Machine),,,2,normal,105,12,,,
Evening workout 🏋️,"Aug 4, 2026, 8:28 PM","Aug 4, 2026, 8:52 PM",,Hip Abduction (Machine),0,,0,normal,145,15,,,
Evening workout 🏋️,"Aug 4, 2026, 8:28 PM","Aug 4, 2026, 8:52 PM",,Hip Abduction (Machine),0,,1,normal,150,15,,,
Evening workout 🏋️,"Aug 4, 2026, 8:28 PM","Aug 4, 2026, 8:52 PM",,Hip Abduction (Machine),0,,2,normal,150,20,,,
Evening workout 🏋️,"Aug 4, 2026, 8:28 PM","Aug 4, 2026, 8:52 PM",,Hip Adduction (Machine),0,,0,normal,115,15,,,
Evening workout 🏋️,"Aug 4, 2026, 8:28 PM","Aug 4, 2026, 8:52 PM",,Hip Adduction (Machine),0,,1,normal,115,15,,,
Evening workout 🏋️,"Aug 4, 2026, 8:28 PM","Aug 4, 2026, 8:52 PM",,Leg Extension (Machine),,,0,normal,110,15,,,
Evening workout 🏋️,"Aug 4, 2026, 8:28 PM","Aug 4, 2026, 8:52 PM",,Leg Extension (Machine),,,1,normal,110,15,,,
Afternoon workout 💪,"Aug 2, 2026, 1:15 PM","Aug 2, 2026, 1:39 PM",,Triceps Rope Pushdown,0,,0,normal,37.5,15,,,
Afternoon workout 💪,"Aug 2, 2026, 1:15 PM","Aug 2, 2026, 1:39 PM",,Triceps Rope Pushdown,0,,1,normal,40,12,,,
Afternoon workout 💪,"Aug 2, 2026, 1:15 PM","Aug 2, 2026, 1:39 PM",,Triceps Rope Pushdown,0,,2,normal,40,12,,,
Afternoon workout 💪,"Aug 2, 2026, 1:15 PM","Aug 2, 2026, 1:39 PM",,Overhead Triceps Extension (Cable),0,,0,normal,37.5,15,,,
Afternoon workout 💪,"Aug 2, 2026, 1:15 PM","Aug 2, 2026, 1:39 PM",,Overhead Triceps Extension (Cable),0,,1,normal,40,15,,,
Afternoon workout 💪,"Aug 2, 2026, 1:15 PM","Aug 2, 2026, 1:39 PM",,Overhead Triceps Extension (Cable),0,,2,normal,40,15,,,
Afternoon workout 💪,"Aug 2, 2026, 1:15 PM","Aug 2, 2026, 1:39 PM",,Lateral Raise (Cable),,,0,normal,15,15,,,
Afternoon workout 💪,"Aug 2, 2026, 1:15 PM","Aug 2, 2026, 1:39 PM",,Lateral Raise (Cable),,,1,normal,15,12,,,
Afternoon workout 💪,"Aug 2, 2026, 1:15 PM","Aug 2, 2026, 1:39 PM",,Lateral Raise (Cable),,,2,normal,15,12,,,
Afternoon workout 💪,"Aug 2, 2026, 1:15 PM","Aug 2, 2026, 1:39 PM",,Decline Crunch (Weighted),,,0,normal,25,12,,,
Afternoon workout 💪,"Aug 2, 2026, 1:15 PM","Aug 2, 2026, 1:39 PM",,Decline Crunch (Weighted),,,1,normal,25,10,,,
Afternoon workout 💪,"Aug 2, 2026, 1:15 PM","Aug 2, 2026, 1:39 PM",,Bicep Curl (Dumbbell),,,0,normal,35,12,,,
Afternoon workout 💪,"Aug 2, 2026, 1:15 PM","Aug 2, 2026, 1:39 PM",,Bicep Curl (Dumbbell),,,1,normal,35,12,,,
Morning workout ☀️,"Aug 1, 2026, 12:15 PM","Aug 1, 2026, 12:41 PM",,Bench Press (Barbell),,,0,normal,135,8,,,
Morning workout ☀️,"Aug 1, 2026, 12:15 PM","Aug 1, 2026, 12:41 PM",,Bench Press (Barbell),,,1,normal,195,5,,,
Morning workout ☀️,"Aug 1, 2026, 12:15 PM","Aug 1, 2026, 12:41 PM",,Bench Press (Barbell),,,2,normal,195,5,,,
Morning workout ☀️,"Aug 1, 2026, 12:15 PM","Aug 1, 2026, 12:41 PM",,Bench Press (Barbell),,,3,normal,190,5,,,
Morning workout ☀️,"Aug 1, 2026, 12:15 PM","Aug 1, 2026, 12:41 PM",,Seated Cable Row - V Grip (Cable),,,0,normal,82.5,12,,,
Morning workout ☀️,"Aug 1, 2026, 12:15 PM","Aug 1, 2026, 12:41 PM",,Seated Cable Row - V Grip (Cable),,,1,normal,82.5,12,,,
Morning workout ☀️,"Aug 1, 2026, 12:15 PM","Aug 1, 2026, 12:41 PM",,Seated Cable Row - V Grip (Cable),,,2,normal,80,12,,,
Morning workout ☀️,"Aug 1, 2026, 12:15 PM","Aug 1, 2026, 12:41 PM",,Cable Fly Crossovers,,,0,normal,30,12,,,
Morning workout ☀️,"Aug 1, 2026, 12:15 PM","Aug 1, 2026, 12:41 PM",,Cable Fly Crossovers,,,1,normal,30,12,,,
Morning workout ☀️,"Aug 1, 2026, 12:15 PM","Aug 1, 2026, 12:41 PM",,Pull Up,,,0,normal,,7,,,
Morning workout ☀️,"Aug 1, 2026, 12:15 PM","Aug 1, 2026, 12:41 PM",,Pull Up,,,1,normal,,8,,,
Evening workout 🏋️,"Jul 30, 2026, 8:21 PM","Jul 30, 2026, 8:34 PM",,Leg Extension (Machine),,,0,normal,110,15,,,
Evening workout 🏋️,"Jul 30, 2026, 8:21 PM","Jul 30, 2026, 8:34 PM",,Leg Extension (Machine),,,1,normal,110,15,,,
Evening workout 🏋️,"Jul 30, 2026, 8:21 PM","Jul 30, 2026, 8:34 PM",,Leg Extension (Machine),,,2,normal,115,15,,,
Evening workout 🏋️,"Jul 30, 2026, 8:21 PM","Jul 30, 2026, 8:34 PM",,Seated Leg Curl (Machine),,,0,normal,100,15,,,
Evening workout 🏋️,"Jul 30, 2026, 8:21 PM","Jul 30, 2026, 8:34 PM",,Seated Leg Curl (Machine),,,1,normal,100,15,,,
Evening workout 🏋️,"Jul 30, 2026, 8:21 PM","Jul 30, 2026, 8:34 PM",,Seated Leg Curl (Machine),,,2,normal,100,15,,,
Afternoon workout 💪,"Jul 29, 2026, 6:11 PM","Jul 29, 2026, 6:48 PM",,Triceps Dip,,,0,normal,,15,,,
Afternoon workout 💪,"Jul 29, 2026, 6:11 PM","Jul 29, 2026, 6:48 PM",,Triceps Dip,,,1,normal,,12,,,
Afternoon workout 💪,"Jul 29, 2026, 6:11 PM","Jul 29, 2026, 6:48 PM",,Leg Raise Parallel Bars,,,0,normal,,12,,,
Afternoon workout 💪,"Jul 29, 2026, 6:11 PM","Jul 29, 2026, 6:48 PM",,Leg Raise Parallel Bars,,,1,normal,,12,,,
Afternoon workout 💪,"Jul 29, 2026, 6:11 PM","Jul 29, 2026, 6:48 PM",,Triceps Rope Pushdown,,,0,normal,37.5,12,,,
Afternoon workout 💪,"Jul 29, 2026, 6:11 PM","Jul 29, 2026, 6:48 PM",,Triceps Rope Pushdown,,,1,normal,40,12,,,
Afternoon workout 💪,"Jul 29, 2026, 6:11 PM","Jul 29, 2026, 6:48 PM",,Triceps Rope Pushdown,,,2,normal,40,12,,,
Afternoon workout 💪,"Jul 29, 2026, 6:11 PM","Jul 29, 2026, 6:48 PM",,Overhead Triceps Extension (Cable),,,0,normal,37.5,15,,,
Afternoon workout 💪,"Jul 29, 2026, 6:11 PM","Jul 29, 2026, 6:48 PM",,Overhead Triceps Extension (Cable),,,1,normal,40,15,,,
Afternoon workout 💪,"Jul 29, 2026, 6:11 PM","Jul 29, 2026, 6:48 PM",,Overhead Triceps Extension (Cable),,,2,normal,40,15,,,
Afternoon workout 💪,"Jul 29, 2026, 6:11 PM","Jul 29, 2026, 6:48 PM",,Bicep Curl (Dumbbell),,,0,normal,35,12,,,
Afternoon workout 💪,"Jul 29, 2026, 6:11 PM","Jul 29, 2026, 6:48 PM",,Bicep Curl (Dumbbell),,,1,normal,35,12,,,
Afternoon workout 💪,"Jul 29, 2026, 6:11 PM","Jul 29, 2026, 6:48 PM",,Seated Palms Up Wrist Curl,,,0,normal,25,20,,,
Afternoon workout 💪,"Jul 29, 2026, 6:11 PM","Jul 29, 2026, 6:48 PM",,Seated Palms Up Wrist Curl,,,1,normal,25,15,,,
Afternoon workout 💪,"Jul 29, 2026, 6:11 PM","Jul 29, 2026, 6:48 PM",,Lateral Raise (Dumbbell),,,0,normal,20,13,,,
Afternoon workout 💪,"Jul 29, 2026, 6:11 PM","Jul 29, 2026, 6:48 PM",,Lateral Raise (Dumbbell),,,1,normal,20,13,,,
Afternoon workout 💪,"Jul 29, 2026, 6:11 PM","Jul 29, 2026, 6:48 PM",,Lateral Raise (Dumbbell),,,2,normal,20,14,,,
Afternoon workout 💪,"Jul 29, 2026, 6:11 PM","Jul 29, 2026, 6:48 PM",,Decline Crunch,,,0,normal,,25,,,
Afternoon workout 💪,"Jul 27, 2026, 5:02 PM","Jul 27, 2026, 5:44 PM",,Bench Press (Barbell),,,0,normal,135,8,,,
Afternoon workout 💪,"Jul 27, 2026, 5:02 PM","Jul 27, 2026, 5:44 PM",,Bench Press (Barbell),,,1,normal,190,5,,,
Afternoon workout 💪,"Jul 27, 2026, 5:02 PM","Jul 27, 2026, 5:44 PM",,Bench Press (Barbell),,,2,normal,195,5,,,
Afternoon workout 💪,"Jul 27, 2026, 5:02 PM","Jul 27, 2026, 5:44 PM",,Bench Press (Barbell),,,3,normal,195,2,,,
Afternoon workout 💪,"Jul 27, 2026, 5:02 PM","Jul 27, 2026, 5:44 PM",,Bench Press (Barbell),,,4,normal,185,3,,,
Afternoon workout 💪,"Jul 27, 2026, 5:02 PM","Jul 27, 2026, 5:44 PM",,Seated Cable Row - V Grip (Cable),,,0,normal,82.5,12,,,
Afternoon workout 💪,"Jul 27, 2026, 5:02 PM","Jul 27, 2026, 5:44 PM",,Seated Cable Row - V Grip (Cable),,,1,normal,82.5,12,,,
Afternoon workout 💪,"Jul 27, 2026, 5:02 PM","Jul 27, 2026, 5:44 PM",,Seated Cable Row - V Grip (Cable),,,2,normal,80,12,,,
Afternoon workout 💪,"Jul 27, 2026, 5:02 PM","Jul 27, 2026, 5:44 PM",,Decline Crunch,,,0,normal,,25,,,
Afternoon workout 💪,"Jul 27, 2026, 5:02 PM","Jul 27, 2026, 5:44 PM",,Decline Crunch,,,1,normal,,20,,,
Afternoon workout 💪,"Jul 27, 2026, 5:02 PM","Jul 27, 2026, 5:44 PM",,Pull Up,,,0,normal,,7,,,
Afternoon workout 💪,"Jul 27, 2026, 5:02 PM","Jul 27, 2026, 5:44 PM",,Pull Up,,,1,normal,,8,,,
Afternoon workout 💪,"Jul 27, 2026, 5:02 PM","Jul 27, 2026, 5:44 PM",,Pull Up,,,2,normal,,5,,,
Afternoon workout 💪,"Jul 27, 2026, 5:02 PM","Jul 27, 2026, 5:44 PM",,Chest Press (Machine),,,0,normal,140,12,,,
Afternoon workout 💪,"Jul 27, 2026, 5:02 PM","Jul 27, 2026, 5:44 PM",,Chest Press (Machine),,,1,normal,145,12,,,
Afternoon workout 💪,"Jul 27, 2026, 5:02 PM","Jul 27, 2026, 5:44 PM",,Leg Raise Parallel Bars,,,0,normal,,12,,,
Afternoon workout 💪,"Jul 26, 2026, 2:39 PM","Jul 26, 2026, 3:28 PM",,Preacher Curl (Barbell),,,0,normal,50,7,,,
Afternoon workout 💪,"Jul 26, 2026, 2:39 PM","Jul 26, 2026, 3:28 PM",,Preacher Curl (Barbell),,,1,normal,50,7,,,
Afternoon workout 💪,"Jul 26, 2026, 2:39 PM","Jul 26, 2026, 3:28 PM",,Preacher Curl (Barbell),,,2,normal,50,7,,,
Afternoon workout 💪,"Jul 26, 2026, 2:39 PM","Jul 26, 2026, 3:28 PM",,Triceps Rope Pushdown,0,,0,normal,37.5,12,,,
Afternoon workout 💪,"Jul 26, 2026, 2:39 PM","Jul 26, 2026, 3:28 PM",,Triceps Rope Pushdown,0,,1,normal,37.5,12,,,
Afternoon workout 💪,"Jul 26, 2026, 2:39 PM","Jul 26, 2026, 3:28 PM",,Triceps Rope Pushdown,0,,2,normal,37.5,12,,,
Afternoon workout 💪,"Jul 26, 2026, 2:39 PM","Jul 26, 2026, 3:28 PM",,Overhead Triceps Extension (Cable),0,,0,normal,37.5,15,,,
Afternoon workout 💪,"Jul 26, 2026, 2:39 PM","Jul 26, 2026, 3:28 PM",,Overhead Triceps Extension (Cable),0,,1,normal,37.5,15,,,
Afternoon workout 💪,"Jul 26, 2026, 2:39 PM","Jul 26, 2026, 3:28 PM",,Overhead Triceps Extension (Cable),0,,2,normal,37.5,15,,,
Afternoon workout 💪,"Jul 26, 2026, 2:39 PM","Jul 26, 2026, 3:28 PM",,Lateral Raise (Dumbbell),,,0,normal,20,13,,,
Afternoon workout 💪,"Jul 26, 2026, 2:39 PM","Jul 26, 2026, 3:28 PM",,Lateral Raise (Dumbbell),,,1,normal,20,13,,,
Afternoon workout 💪,"Jul 26, 2026, 2:39 PM","Jul 26, 2026, 3:28 PM",,Lateral Raise (Dumbbell),,,2,normal,20,13,,,
Afternoon workout 💪,"Jul 26, 2026, 2:39 PM","Jul 26, 2026, 3:28 PM",,Lateral Raise (Dumbbell),,,3,normal,20,12,,,
Afternoon workout 💪,"Jul 26, 2026, 2:39 PM","Jul 26, 2026, 3:28 PM",,Seated Palms Up Wrist Curl,,,0,normal,25,15,,,
Afternoon workout 💪,"Jul 26, 2026, 2:39 PM","Jul 26, 2026, 3:28 PM",,Seated Palms Up Wrist Curl,,,1,normal,25,15,,,
Afternoon workout 💪,"Jul 26, 2026, 2:39 PM","Jul 26, 2026, 3:28 PM",,Bicep Curl (Dumbbell),,,0,normal,35,12,,,
Afternoon workout 💪,"Jul 26, 2026, 2:39 PM","Jul 26, 2026, 3:28 PM",,Bicep Curl (Dumbbell),,,1,normal,35,12,,,
Afternoon workout 💪,"Jul 26, 2026, 2:39 PM","Jul 26, 2026, 3:28 PM",,Triceps Extension (Dumbbell),,,0,normal,50,10,,,
Afternoon workout 💪,"Jul 26, 2026, 2:39 PM","Jul 26, 2026, 3:28 PM",,Triceps Extension (Dumbbell),,,1,normal,50,10,,,
Afternoon workout 💪,"Jul 26, 2026, 2:39 PM","Jul 26, 2026, 3:28 PM",,Triceps Dip,,,0,normal,,12,,,
Afternoon workout 💪,"Jul 24, 2026, 4:56 PM","Jul 24, 2026, 5:36 PM",,Bicep Curl (Dumbbell),,,0,normal,35,12,,,
Afternoon workout 💪,"Jul 24, 2026, 4:56 PM","Jul 24, 2026, 5:36 PM",,Bicep Curl (Dumbbell),,,1,normal,35,12,,,
Afternoon workout 💪,"Jul 24, 2026, 4:56 PM","Jul 24, 2026, 5:36 PM",,Bicep Curl (Dumbbell),,,2,normal,35,12,,,
Afternoon workout 💪,"Jul 24, 2026, 4:56 PM","Jul 24, 2026, 5:36 PM",,Lateral Raise (Dumbbell),,,0,normal,20,13,,,
Afternoon workout 💪,"Jul 24, 2026, 4:56 PM","Jul 24, 2026, 5:36 PM",,Lateral Raise (Dumbbell),,,1,normal,20,12,,,
Afternoon workout 💪,"Jul 24, 2026, 4:56 PM","Jul 24, 2026, 5:36 PM",,Lateral Raise (Dumbbell),,,2,normal,20,12,,,
Afternoon workout 💪,"Jul 24, 2026, 4:56 PM","Jul 24, 2026, 5:36 PM",,Decline Crunch,,,0,normal,,15,,,
Afternoon workout 💪,"Jul 24, 2026, 4:56 PM","Jul 24, 2026, 5:36 PM",,Seated Dip Machine,,,0,normal,11,10,,,
Afternoon workout 💪,"Jul 24, 2026, 4:56 PM","Jul 24, 2026, 5:36 PM",,Seated Dip Machine,,,1,normal,11,10,,,
Afternoon workout 💪,"Jul 24, 2026, 4:56 PM","Jul 24, 2026, 5:36 PM",,Hammer Curl (Cable),,,0,normal,50,14,,,
Afternoon workout 💪,"Jul 24, 2026, 4:56 PM","Jul 24, 2026, 5:36 PM",,Hammer Curl (Cable),,,1,normal,37.5,20,,,
Afternoon workout 💪,"Jul 24, 2026, 4:56 PM","Jul 24, 2026, 5:36 PM",,Triceps Rope Pushdown,0,,0,normal,37.5,12,,,
Afternoon workout 💪,"Jul 24, 2026, 4:56 PM","Jul 24, 2026, 5:36 PM",,Triceps Rope Pushdown,0,,1,normal,37.5,12,,,
Afternoon workout 💪,"Jul 24, 2026, 4:56 PM","Jul 24, 2026, 5:36 PM",,Overhead Triceps Extension (Cable),0,,0,normal,37.5,15,,,
Afternoon workout 💪,"Jul 24, 2026, 4:56 PM","Jul 24, 2026, 5:36 PM",,Overhead Triceps Extension (Cable),0,,1,normal,37.5,15,,,
Afternoon workout 💪,"Jul 23, 2026, 5:50 PM","Jul 23, 2026, 6:23 PM",Was short on time- need to get more back in,Bench Press (Barbell),,,0,normal,135,8,,,
Afternoon workout 💪,"Jul 23, 2026, 5:50 PM","Jul 23, 2026, 6:23 PM",Was short on time- need to get more back in,Bench Press (Barbell),,,1,normal,185,5,,,
Afternoon workout 💪,"Jul 23, 2026, 5:50 PM","Jul 23, 2026, 6:23 PM",Was short on time- need to get more back in,Bench Press (Barbell),,,2,normal,190,5,,,
Afternoon workout 💪,"Jul 23, 2026, 5:50 PM","Jul 23, 2026, 6:23 PM",Was short on time- need to get more back in,Bench Press (Barbell),,,3,normal,190,5,,,
Afternoon workout 💪,"Jul 23, 2026, 5:50 PM","Jul 23, 2026, 6:23 PM",Was short on time- need to get more back in,Incline Bench Press (Barbell),,,0,normal,135,7,,,
Afternoon workout 💪,"Jul 23, 2026, 5:50 PM","Jul 23, 2026, 6:23 PM",Was short on time- need to get more back in,Incline Bench Press (Barbell),,,1,normal,155,5,,,
Afternoon workout 💪,"Jul 23, 2026, 5:50 PM","Jul 23, 2026, 6:23 PM",Was short on time- need to get more back in,Incline Bench Press (Barbell),,,2,normal,155,5,,,
Afternoon workout 💪,"Jul 23, 2026, 5:50 PM","Jul 23, 2026, 6:23 PM",Was short on time- need to get more back in,Seated Cable Row - V Grip (Cable),,,0,normal,82.5,10,,,
Afternoon workout 💪,"Jul 23, 2026, 5:50 PM","Jul 23, 2026, 6:23 PM",Was short on time- need to get more back in,Seated Cable Row - V Grip (Cable),,,1,normal,80,12,,,
Afternoon workout 💪,"Jul 23, 2026, 5:50 PM","Jul 23, 2026, 6:23 PM",Was short on time- need to get more back in,Seated Cable Row - V Grip (Cable),,,2,normal,80,12,,,
Afternoon workout 💪,"Jul 21, 2026, 5:05 PM","Jul 21, 2026, 5:30 PM",,Leg Press (Machine),,,0,normal,320,15,,,
Afternoon workout 💪,"Jul 21, 2026, 5:05 PM","Jul 21, 2026, 5:30 PM",,Leg Press (Machine),,,1,normal,330,15,,,
Afternoon workout 💪,"Jul 21, 2026, 5:05 PM","Jul 21, 2026, 5:30 PM",,Leg Press (Machine),,,2,normal,330,15,,,
Afternoon workout 💪,"Jul 21, 2026, 5:05 PM","Jul 21, 2026, 5:30 PM",,Leg Extension (Machine),,,0,normal,90,30,,,
Afternoon workout 💪,"Jul 21, 2026, 5:05 PM","Jul 21, 2026, 5:30 PM",,Leg Extension (Machine),,,1,normal,110,15,,,
Afternoon workout 💪,"Jul 21, 2026, 5:05 PM","Jul 21, 2026, 5:30 PM",,Leg Extension (Machine),,,2,normal,110,12,,,
Afternoon workout 💪,"Jul 21, 2026, 5:05 PM","Jul 21, 2026, 5:30 PM",,Seated Leg Curl (Machine),,,0,normal,100,15,,,
Afternoon workout 💪,"Jul 21, 2026, 5:05 PM","Jul 21, 2026, 5:30 PM",,Seated Leg Curl (Machine),,,1,normal,100,15,,,
Afternoon workout 💪,"Jul 21, 2026, 5:05 PM","Jul 21, 2026, 5:30 PM",,Single Leg Standing Calf Raise (Machine),,,0,normal,110,12,,,
Afternoon workout 💪,"Jul 21, 2026, 5:05 PM","Jul 21, 2026, 5:30 PM",,Single Leg Standing Calf Raise (Machine),,,1,normal,110,12,,,
Afternoon workout 💪,"Jul 20, 2026, 5:20 PM","Jul 20, 2026, 5:53 PM",,Bicep Curl (Dumbbell),,,0,normal,35,12,,,
Afternoon workout 💪,"Jul 20, 2026, 5:20 PM","Jul 20, 2026, 5:53 PM",,Bicep Curl (Dumbbell),,,1,normal,35,12,,,
Afternoon workout 💪,"Jul 20, 2026, 5:20 PM","Jul 20, 2026, 5:53 PM",,Bicep Curl (Dumbbell),,,2,normal,35,11,,,
Afternoon workout 💪,"Jul 20, 2026, 5:20 PM","Jul 20, 2026, 5:53 PM",,Triceps Rope Pushdown,0,,0,normal,35,15,,,
Afternoon workout 💪,"Jul 20, 2026, 5:20 PM","Jul 20, 2026, 5:53 PM",,Triceps Rope Pushdown,0,,1,normal,35,15,,,
Afternoon workout 💪,"Jul 20, 2026, 5:20 PM","Jul 20, 2026, 5:53 PM",,Overhead Triceps Extension (Cable),0,,0,normal,35,15,,,
Afternoon workout 💪,"Jul 20, 2026, 5:20 PM","Jul 20, 2026, 5:53 PM",,Overhead Triceps Extension (Cable),0,,1,normal,35,15,,,
Afternoon workout 💪,"Jul 20, 2026, 5:20 PM","Jul 20, 2026, 5:53 PM",,Hammer Curl (Cable),,,0,normal,50,12,,,
Afternoon workout 💪,"Jul 20, 2026, 5:20 PM","Jul 20, 2026, 5:53 PM",,Hammer Curl (Cable),,,1,normal,37.5,20,,,
Afternoon workout 💪,"Jul 20, 2026, 5:20 PM","Jul 20, 2026, 5:53 PM",,Hammer Curl (Cable),,,2,normal,37.5,15,,,
Afternoon workout 💪,"Jul 20, 2026, 5:20 PM","Jul 20, 2026, 5:53 PM",,Lateral Raise (Dumbbell),,,0,normal,20,13,,,
Afternoon workout 💪,"Jul 20, 2026, 5:20 PM","Jul 20, 2026, 5:53 PM",,Lateral Raise (Dumbbell),,,1,normal,20,12,,,
Afternoon workout 💪,"Jul 20, 2026, 5:20 PM","Jul 20, 2026, 5:53 PM",,Lateral Raise (Dumbbell),,,2,normal,20,12,,,
Morning workout ☀️,"Jul 19, 2026, 12:00 PM","Jul 19, 2026, 12:42 PM",,Bench Press (Barbell),,,0,normal,135,8,,,
Morning workout ☀️,"Jul 19, 2026, 12:00 PM","Jul 19, 2026, 12:42 PM",,Bench Press (Barbell),,,1,normal,185,5,,,
Morning workout ☀️,"Jul 19, 2026, 12:00 PM","Jul 19, 2026, 12:42 PM",,Bench Press (Barbell),,,2,normal,185,5,,,
Morning workout ☀️,"Jul 19, 2026, 12:00 PM","Jul 19, 2026, 12:42 PM",,Bench Press (Barbell),,,3,normal,185,5,,,
Morning workout ☀️,"Jul 19, 2026, 12:00 PM","Jul 19, 2026, 12:42 PM",,Pull Up,,,0,normal,,7,,,
Morning workout ☀️,"Jul 19, 2026, 12:00 PM","Jul 19, 2026, 12:42 PM",,Pull Up,,,1,normal,,7,,,
Morning workout ☀️,"Jul 19, 2026, 12:00 PM","Jul 19, 2026, 12:42 PM",,Cable Fly Crossovers,,,0,normal,30,12,,,
Morning workout ☀️,"Jul 19, 2026, 12:00 PM","Jul 19, 2026, 12:42 PM",,Cable Fly Crossovers,,,1,normal,30,12,,,
Morning workout ☀️,"Jul 19, 2026, 12:00 PM","Jul 19, 2026, 12:42 PM",,Cable Fly Crossovers,,,2,normal,30,12,,,
Morning workout ☀️,"Jul 19, 2026, 12:00 PM","Jul 19, 2026, 12:42 PM",,Seated Cable Row - V Grip (Cable),,,0,normal,80,12,,,
Morning workout ☀️,"Jul 19, 2026, 12:00 PM","Jul 19, 2026, 12:42 PM",,Seated Cable Row - V Grip (Cable),,,1,normal,80,12,,,
Morning workout ☀️,"Jul 19, 2026, 12:00 PM","Jul 19, 2026, 12:42 PM",,Seated Cable Row - V Grip (Cable),,,2,normal,75,12,,,
Afternoon workout 💪,"Jul 17, 2026, 5:02 PM","Jul 17, 2026, 5:29 PM",,Bicep Curl (Dumbbell),,,0,normal,35,12,,,
Afternoon workout 💪,"Jul 17, 2026, 5:02 PM","Jul 17, 2026, 5:29 PM",,Bicep Curl (Dumbbell),,,1,normal,35,12,,,
Afternoon workout 💪,"Jul 17, 2026, 5:02 PM","Jul 17, 2026, 5:29 PM",,Bicep Curl (Dumbbell),,,2,normal,35,10,,,
Afternoon workout 💪,"Jul 17, 2026, 5:02 PM","Jul 17, 2026, 5:29 PM",,Lateral Raise (Dumbbell),,,0,normal,20,12,,,
Afternoon workout 💪,"Jul 17, 2026, 5:02 PM","Jul 17, 2026, 5:29 PM",,Lateral Raise (Dumbbell),,,1,normal,20,12,,,
Afternoon workout 💪,"Jul 17, 2026, 5:02 PM","Jul 17, 2026, 5:29 PM",,Lateral Raise (Dumbbell),,,2,normal,20,12,,,
Afternoon workout 💪,"Jul 17, 2026, 5:02 PM","Jul 17, 2026, 5:29 PM",,Hammer Curl (Cable),,Second ser super slow,0,normal,50,12,,,
Afternoon workout 💪,"Jul 17, 2026, 5:02 PM","Jul 17, 2026, 5:29 PM",,Hammer Curl (Cable),,Second ser super slow,1,normal,35,20,,,
Afternoon workout 💪,"Jul 17, 2026, 5:02 PM","Jul 17, 2026, 5:29 PM",,Overhead Triceps Extension (Cable),0,,0,normal,35,15,,,
Afternoon workout 💪,"Jul 17, 2026, 5:02 PM","Jul 17, 2026, 5:29 PM",,Overhead Triceps Extension (Cable),0,,1,normal,35,15,,,
Afternoon workout 💪,"Jul 17, 2026, 5:02 PM","Jul 17, 2026, 5:29 PM",,Overhead Triceps Extension (Cable),0,,2,normal,30,15,,,
Afternoon workout 💪,"Jul 17, 2026, 5:02 PM","Jul 17, 2026, 5:29 PM",,Triceps Rope Pushdown,0,,0,normal,35,15,,,
Afternoon workout 💪,"Jul 17, 2026, 5:02 PM","Jul 17, 2026, 5:29 PM",,Triceps Rope Pushdown,0,,1,normal,35,15,,,
Afternoon workout 💪,"Jul 17, 2026, 5:02 PM","Jul 17, 2026, 5:29 PM",,Triceps Rope Pushdown,0,,2,normal,30,15,,,
Afternoon workout 💪,"Jul 17, 2026, 5:02 PM","Jul 17, 2026, 5:29 PM",,Crunch (Machine),,,0,normal,10,40,,,
Afternoon workout 💪,"Jul 17, 2026, 5:02 PM","Jul 17, 2026, 5:29 PM",,Crunch (Machine),,,1,normal,11,30,,,
Afternoon workout 💪,"Jul 15, 2026, 5:04 PM","Jul 15, 2026, 5:38 PM",Was out of town so this is first back…also in time crunch also ran a mile after,Incline Bench Press (Barbell),,,0,normal,135,7,,,
Afternoon workout 💪,"Jul 15, 2026, 5:04 PM","Jul 15, 2026, 5:38 PM",Was out of town so this is first back…also in time crunch also ran a mile after,Incline Bench Press (Barbell),,,1,normal,165,5,,,
Afternoon workout 💪,"Jul 15, 2026, 5:04 PM","Jul 15, 2026, 5:38 PM",Was out of town so this is first back…also in time crunch also ran a mile after,Incline Bench Press (Barbell),,,2,normal,165,5,,,
Afternoon workout 💪,"Jul 15, 2026, 5:04 PM","Jul 15, 2026, 5:38 PM",Was out of town so this is first back…also in time crunch also ran a mile after,Incline Bench Press (Barbell),,,3,normal,170,5,,,
Afternoon workout 💪,"Jul 15, 2026, 5:04 PM","Jul 15, 2026, 5:38 PM",Was out of town so this is first back…also in time crunch also ran a mile after,Seated Cable Row - V Grip (Cable),,,0,normal,80,12,,,
Afternoon workout 💪,"Jul 15, 2026, 5:04 PM","Jul 15, 2026, 5:38 PM",Was out of town so this is first back…also in time crunch also ran a mile after,Seated Cable Row - V Grip (Cable),,,1,normal,80,12,,,
Afternoon workout 💪,"Jul 15, 2026, 5:04 PM","Jul 15, 2026, 5:38 PM",Was out of town so this is first back…also in time crunch also ran a mile after,Seated Cable Row - V Grip (Cable),,,2,normal,75,12,,,
Afternoon workout 💪,"Jul 15, 2026, 5:04 PM","Jul 15, 2026, 5:38 PM",Was out of town so this is first back…also in time crunch also ran a mile after,Incline Bench Press (Dumbbell),,,0,normal,55,9,,,
Afternoon workout 💪,"Jul 15, 2026, 5:04 PM","Jul 15, 2026, 5:38 PM",Was out of town so this is first back…also in time crunch also ran a mile after,Incline Bench Press (Dumbbell),,,1,normal,55,8,,,
Afternoon workout 💪,"Jul 15, 2026, 5:04 PM","Jul 15, 2026, 5:38 PM",Was out of town so this is first back…also in time crunch also ran a mile after,Incline Bench Press (Dumbbell),,,2,normal,55,8,,,
Afternoon workout 💪,"Jul 15, 2026, 5:04 PM","Jul 15, 2026, 5:38 PM",Was out of town so this is first back…also in time crunch also ran a mile after,Seated Row (Machine),,,0,normal,185,12,,,
Afternoon workout 💪,"Jul 15, 2026, 5:04 PM","Jul 15, 2026, 5:38 PM",Was out of town so this is first back…also in time crunch also ran a mile after,Seated Row (Machine),,,1,normal,190,12,,,
Afternoon workout 💪,"Jul 15, 2026, 5:04 PM","Jul 15, 2026, 5:38 PM",Was out of town so this is first back…also in time crunch also ran a mile after,Seated Row (Machine),,,2,normal,190,12,,,
Evening workout 🏋️,"Jul 9, 2026, 7:57 PM","Jul 9, 2026, 8:27 PM",,Incline Bench Press (Barbell),,,0,normal,135,7,,,
Evening workout 🏋️,"Jul 9, 2026, 7:57 PM","Jul 9, 2026, 8:27 PM",,Incline Bench Press (Barbell),,,1,normal,165,5,,,
Evening workout 🏋️,"Jul 9, 2026, 7:57 PM","Jul 9, 2026, 8:27 PM",,Incline Bench Press (Barbell),,,2,normal,165,5,,,
Evening workout 🏋️,"Jul 9, 2026, 7:57 PM","Jul 9, 2026, 8:27 PM",,Incline Bench Press (Barbell),,,3,normal,165,5,,,
Evening workout 🏋️,"Jul 9, 2026, 7:57 PM","Jul 9, 2026, 8:27 PM",,Seated Row (Machine),,,0,normal,180,12,,,
Evening workout 🏋️,"Jul 9, 2026, 7:57 PM","Jul 9, 2026, 8:27 PM",,Seated Row (Machine),,,1,normal,180,12,,,
Evening workout 🏋️,"Jul 9, 2026, 7:57 PM","Jul 9, 2026, 8:27 PM",,Seated Row (Machine),,,2,normal,185,12,,,
Evening workout 🏋️,"Jul 9, 2026, 7:57 PM","Jul 9, 2026, 8:27 PM",,Seated Row (Machine),,,3,normal,185,12,,,
Afternoon workout 💪,"Jul 8, 2026, 5:10 PM","Jul 8, 2026, 5:41 PM",,Overhead Press (Barbell),,Was in a tile crunch,0,normal,65,12,,,
Afternoon workout 💪,"Jul 8, 2026, 5:10 PM","Jul 8, 2026, 5:41 PM",,Overhead Press (Barbell),,Was in a tile crunch,1,normal,115,6,,,
Afternoon workout 💪,"Jul 8, 2026, 5:10 PM","Jul 8, 2026, 5:41 PM",,Overhead Press (Barbell),,Was in a tile crunch,2,normal,115,6,,,
Afternoon workout 💪,"Jul 8, 2026, 5:10 PM","Jul 8, 2026, 5:41 PM",,Bicep Curl (Dumbbell),,,0,normal,35,12,,,
Afternoon workout 💪,"Jul 8, 2026, 5:10 PM","Jul 8, 2026, 5:41 PM",,Bicep Curl (Dumbbell),,,1,normal,35,12,,,
Afternoon workout 💪,"Jul 8, 2026, 5:10 PM","Jul 8, 2026, 5:41 PM",,Bicep Curl (Dumbbell),,,2,normal,30,12,,,
Afternoon workout 💪,"Jul 8, 2026, 5:10 PM","Jul 8, 2026, 5:41 PM",,Triceps Dip,,,0,normal,,12,,,
Afternoon workout 💪,"Jul 8, 2026, 5:10 PM","Jul 8, 2026, 5:41 PM",,Triceps Dip,,,1,normal,,12,,,
Afternoon workout 💪,"Jul 8, 2026, 5:10 PM","Jul 8, 2026, 5:41 PM",,Lateral Raise (Dumbbell),,,0,normal,20,10,,,
Afternoon workout 💪,"Jul 8, 2026, 5:10 PM","Jul 8, 2026, 5:41 PM",,Lateral Raise (Dumbbell),,,1,normal,20,11,,,
Afternoon workout 💪,"Jul 8, 2026, 5:10 PM","Jul 8, 2026, 5:41 PM",,Lateral Raise (Dumbbell),,,2,normal,20,12,,,
Evening workout 🏋️,"Jul 6, 2026, 8:44 PM","Jul 6, 2026, 9:22 PM",,Overhead Press (Barbell),,,0,normal,65,12,,,
Evening workout 🏋️,"Jul 6, 2026, 8:44 PM","Jul 6, 2026, 9:22 PM",,Overhead Press (Barbell),,,1,normal,115,5,,,
Evening workout 🏋️,"Jul 6, 2026, 8:44 PM","Jul 6, 2026, 9:22 PM",,Overhead Press (Barbell),,,2,normal,115,5,,,
Evening workout 🏋️,"Jul 6, 2026, 8:44 PM","Jul 6, 2026, 9:22 PM",,Overhead Press (Barbell),,,3,normal,115,5,,,
Evening workout 🏋️,"Jul 6, 2026, 8:44 PM","Jul 6, 2026, 9:22 PM",,Bicep Curl (Dumbbell),,,0,normal,35,12,,,
Evening workout 🏋️,"Jul 6, 2026, 8:44 PM","Jul 6, 2026, 9:22 PM",,Bicep Curl (Dumbbell),,,1,normal,30,12,,,
Evening workout 🏋️,"Jul 6, 2026, 8:44 PM","Jul 6, 2026, 9:22 PM",,Bicep Curl (Dumbbell),,,2,normal,30,12,,,
Evening workout 🏋️,"Jul 6, 2026, 8:44 PM","Jul 6, 2026, 9:22 PM",,Triceps Dip,,,0,normal,,12,,,
Evening workout 🏋️,"Jul 6, 2026, 8:44 PM","Jul 6, 2026, 9:22 PM",,Triceps Dip,,,1,normal,,12,,,
Evening workout 🏋️,"Jul 6, 2026, 8:44 PM","Jul 6, 2026, 9:22 PM",,Lateral Raise (Dumbbell),,,0,normal,20,10,,,
Evening workout 🏋️,"Jul 6, 2026, 8:44 PM","Jul 6, 2026, 9:22 PM",,Lateral Raise (Dumbbell),,,1,normal,20,10,,,
Evening workout 🏋️,"Jul 6, 2026, 8:44 PM","Jul 6, 2026, 9:22 PM",,Lateral Raise (Dumbbell),,,2,normal,15,15,,,
Morning workout ☀️,"Jul 5, 2026, 11:43 AM","Jul 5, 2026, 12:18 PM",,Bench Press (Barbell),,,0,normal,135,8,,,
Morning workout ☀️,"Jul 5, 2026, 11:43 AM","Jul 5, 2026, 12:18 PM",,Bench Press (Barbell),,,1,normal,185,5,,,
Morning workout ☀️,"Jul 5, 2026, 11:43 AM","Jul 5, 2026, 12:18 PM",,Bench Press (Barbell),,,2,normal,185,5,,,
Morning workout ☀️,"Jul 5, 2026, 11:43 AM","Jul 5, 2026, 12:18 PM",,Bench Press (Barbell),,,3,normal,155,6,,,
Morning workout ☀️,"Jul 5, 2026, 11:43 AM","Jul 5, 2026, 12:18 PM",,Seated Cable Row - V Grip (Cable),,,0,normal,75,12,,,
Morning workout ☀️,"Jul 5, 2026, 11:43 AM","Jul 5, 2026, 12:18 PM",,Seated Cable Row - V Grip (Cable),,,1,normal,75,12,,,
Morning workout ☀️,"Jul 5, 2026, 11:43 AM","Jul 5, 2026, 12:18 PM",,Seated Cable Row - V Grip (Cable),,,2,normal,75,12,,,
Morning workout ☀️,"Jul 5, 2026, 11:43 AM","Jul 5, 2026, 12:18 PM",,Pull Up,,,0,normal,,7,,,
Morning workout ☀️,"Jul 5, 2026, 11:43 AM","Jul 5, 2026, 12:18 PM",,Pull Up,,,1,normal,,7,,,
Morning workout ☀️,"Jul 5, 2026, 11:43 AM","Jul 5, 2026, 12:18 PM",,Cable Fly Crossovers,,,0,normal,25,15,,,
Morning workout ☀️,"Jul 5, 2026, 11:43 AM","Jul 5, 2026, 12:18 PM",,Cable Fly Crossovers,,,1,normal,30,10,,,
Morning workout ☀️,"Jul 5, 2026, 11:43 AM","Jul 5, 2026, 12:18 PM",,Cable Fly Crossovers,,,2,normal,30,10,,,
Afternoon workout 💪,"Jul 3, 2026, 12:35 PM","Jul 3, 2026, 1:10 PM",,Leg Press (Machine),,,0,normal,300,15,,,
Afternoon workout 💪,"Jul 3, 2026, 12:35 PM","Jul 3, 2026, 1:10 PM",,Leg Press (Machine),,,1,normal,300,15,,,
Afternoon workout 💪,"Jul 3, 2026, 12:35 PM","Jul 3, 2026, 1:10 PM",,Leg Press (Machine),,,2,normal,300,15,,,
Afternoon workout 💪,"Jul 3, 2026, 12:35 PM","Jul 3, 2026, 1:10 PM",,Seated Leg Curl (Machine),,,0,normal,90,15,,,
Afternoon workout 💪,"Jul 3, 2026, 12:35 PM","Jul 3, 2026, 1:10 PM",,Seated Leg Curl (Machine),,,1,normal,90,15,,,
Afternoon workout 💪,"Jul 3, 2026, 12:35 PM","Jul 3, 2026, 1:10 PM",,Leg Extension (Machine),,,0,normal,100,20,,,
Afternoon workout 💪,"Jul 3, 2026, 12:35 PM","Jul 3, 2026, 1:10 PM",,Leg Extension (Machine),,,1,normal,105,15,,,
Afternoon workout 💪,"Jul 3, 2026, 12:35 PM","Jul 3, 2026, 1:10 PM",,Leg Extension (Machine),,,2,normal,105,15,,,
Afternoon workout 💪,"Jul 3, 2026, 12:35 PM","Jul 3, 2026, 1:10 PM",,Hip Abduction (Machine),0,,0,normal,100,20,,,
Afternoon workout 💪,"Jul 3, 2026, 12:35 PM","Jul 3, 2026, 1:10 PM",,Hip Abduction (Machine),0,,1,normal,120,20,,,
Afternoon workout 💪,"Jul 3, 2026, 12:35 PM","Jul 3, 2026, 1:10 PM",,Hip Abduction (Machine),0,,2,normal,130,20,,,
Afternoon workout 💪,"Jul 3, 2026, 12:35 PM","Jul 3, 2026, 1:10 PM",,Hip Adduction (Machine),0,,0,normal,100,15,,,
Afternoon workout 💪,"Jul 3, 2026, 12:35 PM","Jul 3, 2026, 1:10 PM",,Hip Adduction (Machine),0,,1,normal,110,15,,,
Afternoon workout 💪,"Jul 2, 2026, 4:40 PM","Jul 2, 2026, 4:59 PM",,Seated Cable Row - V Grip (Cable),,,0,normal,75,12,,,
Afternoon workout 💪,"Jul 2, 2026, 4:40 PM","Jul 2, 2026, 4:59 PM",,Seated Cable Row - V Grip (Cable),,,1,normal,75,12,,,
Afternoon workout 💪,"Jul 2, 2026, 4:40 PM","Jul 2, 2026, 4:59 PM",,Seated Cable Row - V Grip (Cable),,,2,normal,75,12,,,
Afternoon workout 💪,"Jul 2, 2026, 4:40 PM","Jul 2, 2026, 4:59 PM",,Pull Up,,,0,normal,,7,,,
Afternoon workout 💪,"Jul 2, 2026, 4:40 PM","Jul 2, 2026, 4:59 PM",,Pull Up,,,1,normal,,7,,,
Afternoon workout 💪,"Jul 2, 2026, 4:40 PM","Jul 2, 2026, 4:59 PM",,Bicep Curl (Dumbbell),,,0,normal,35,10,,,
Afternoon workout 💪,"Jul 2, 2026, 4:40 PM","Jul 2, 2026, 4:59 PM",,Bicep Curl (Dumbbell),,,1,normal,30,12,,,
Afternoon workout 💪,"Jul 2, 2026, 4:40 PM","Jul 2, 2026, 4:59 PM",,Bicep Curl (Dumbbell),,,2,normal,30,12,,,
Afternoon workout 💪,"Jul 1, 2026, 5:22 PM","Jul 1, 2026, 5:48 PM",,Incline Bench Press (Barbell),,Stagnate,0,normal,135,6,,,
Afternoon workout 💪,"Jul 1, 2026, 5:22 PM","Jul 1, 2026, 5:48 PM",,Incline Bench Press (Barbell),,Stagnate,1,normal,165,5,,,
Afternoon workout 💪,"Jul 1, 2026, 5:22 PM","Jul 1, 2026, 5:48 PM",,Incline Bench Press (Barbell),,Stagnate,2,normal,165,5,,,
Afternoon workout 💪,"Jul 1, 2026, 5:22 PM","Jul 1, 2026, 5:48 PM",,Butterfly (Pec Deck),,,0,normal,140,10,,,
Afternoon workout 💪,"Jul 1, 2026, 5:22 PM","Jul 1, 2026, 5:48 PM",,Butterfly (Pec Deck),,,1,normal,140,10,,,
Afternoon workout 💪,"Jul 1, 2026, 5:22 PM","Jul 1, 2026, 5:48 PM",,Butterfly (Pec Deck),,,2,normal,140,10,,,
Afternoon workout 💪,"Jul 1, 2026, 5:22 PM","Jul 1, 2026, 5:48 PM",,Triceps Dip,,,0,normal,,10,,,
Afternoon workout 💪,"Jul 1, 2026, 5:22 PM","Jul 1, 2026, 5:48 PM",,Triceps Dip,,,1,normal,,10,,,
Afternoon workout 💪,"Jun 29, 2026, 6:15 PM","Jun 29, 2026, 6:44 PM",,Squat (Barbell),,,0,normal,135,5,,,
Afternoon workout 💪,"Jun 29, 2026, 6:15 PM","Jun 29, 2026, 6:44 PM",,Squat (Barbell),,,1,normal,145,5,,,
Afternoon workout 💪,"Jun 29, 2026, 6:15 PM","Jun 29, 2026, 6:44 PM",,Hip Abduction (Machine),0,,0,normal,90,15,,,
Afternoon workout 💪,"Jun 29, 2026, 6:15 PM","Jun 29, 2026, 6:44 PM",,Hip Abduction (Machine),0,,1,normal,100,15,,,
Afternoon workout 💪,"Jun 29, 2026, 6:15 PM","Jun 29, 2026, 6:44 PM",,Hip Adduction (Machine),0,,0,normal,90,15,,,
Afternoon workout 💪,"Jun 29, 2026, 6:15 PM","Jun 29, 2026, 6:44 PM",,Hip Adduction (Machine),0,,1,normal,100,15,,,
Afternoon workout 💪,"Jun 29, 2026, 6:15 PM","Jun 29, 2026, 6:44 PM",,Hip Adduction (Machine),0,,2,normal,100,15,,,
Afternoon workout 💪,"Jun 29, 2026, 6:15 PM","Jun 29, 2026, 6:44 PM",,Leg Press Horizontal (Machine),,,0,normal,185,15,,,
Afternoon workout 💪,"Jun 29, 2026, 6:15 PM","Jun 29, 2026, 6:44 PM",,Leg Press Horizontal (Machine),,,1,normal,185,15,,,
Afternoon workout 💪,"Jun 29, 2026, 6:15 PM","Jun 29, 2026, 6:44 PM",,Leg Press Horizontal (Machine),,,2,normal,185,15,,,
Afternoon workout 💪,"Jun 29, 2026, 6:15 PM","Jun 29, 2026, 6:44 PM",,Single Leg Standing Calf Raise (Machine),,,0,normal,105,20,,,
Afternoon workout 💪,"Jun 29, 2026, 6:15 PM","Jun 29, 2026, 6:44 PM",,Single Leg Standing Calf Raise (Machine),,,1,normal,105,15,,,
Afternoon workout 💪,"Jun 29, 2026, 6:15 PM","Jun 29, 2026, 6:44 PM",,Single Leg Standing Calf Raise (Machine),,,2,normal,105,15,,,
Afternoon workout 💪,"Jun 28, 2026, 3:07 PM","Jun 28, 2026, 3:48 PM",,Overhead Press (Barbell),,,0,normal,65,12,,,
Afternoon workout 💪,"Jun 28, 2026, 3:07 PM","Jun 28, 2026, 3:48 PM",,Overhead Press (Barbell),,,1,normal,120,4,,,
Afternoon workout 💪,"Jun 28, 2026, 3:07 PM","Jun 28, 2026, 3:48 PM",,Overhead Press (Barbell),,,2,normal,115,5,,,
Afternoon workout 💪,"Jun 28, 2026, 3:07 PM","Jun 28, 2026, 3:48 PM",,Overhead Press (Barbell),,,3,normal,115,5,,,
Afternoon workout 💪,"Jun 28, 2026, 3:07 PM","Jun 28, 2026, 3:48 PM",,Bicep Curl (Dumbbell),,,0,normal,35,10,,,
Afternoon workout 💪,"Jun 28, 2026, 3:07 PM","Jun 28, 2026, 3:48 PM",,Bicep Curl (Dumbbell),,,1,normal,35,8,,,
Afternoon workout 💪,"Jun 28, 2026, 3:07 PM","Jun 28, 2026, 3:48 PM",,Bicep Curl (Dumbbell),,,2,normal,35,8,,,
Afternoon workout 💪,"Jun 28, 2026, 3:07 PM","Jun 28, 2026, 3:48 PM",,Triceps Dip,,,0,normal,,10,,,
Afternoon workout 💪,"Jun 28, 2026, 3:07 PM","Jun 28, 2026, 3:48 PM",,Triceps Dip,,,1,normal,,10,,,
Afternoon workout 💪,"Jun 28, 2026, 3:07 PM","Jun 28, 2026, 3:48 PM",,Triceps Rope Pushdown,1,,0,normal,30,15,,,
Afternoon workout 💪,"Jun 28, 2026, 3:07 PM","Jun 28, 2026, 3:48 PM",,Triceps Rope Pushdown,1,,1,normal,30,15,,,
Afternoon workout 💪,"Jun 28, 2026, 3:07 PM","Jun 28, 2026, 3:48 PM",,Overhead Triceps Extension (Cable),1,,0,normal,30,15,,,
Afternoon workout 💪,"Jun 28, 2026, 3:07 PM","Jun 28, 2026, 3:48 PM",,Overhead Triceps Extension (Cable),1,,1,normal,35,15,,,
Afternoon workout 💪,"Jun 28, 2026, 3:07 PM","Jun 28, 2026, 3:48 PM",,Lateral Raise (Cable),0,,0,normal,15,10,,,
Afternoon workout 💪,"Jun 28, 2026, 3:07 PM","Jun 28, 2026, 3:48 PM",,Lateral Raise (Cable),0,,1,normal,15,12,,,
Afternoon workout 💪,"Jun 28, 2026, 3:07 PM","Jun 28, 2026, 3:48 PM",,Hammer Curl (Cable),0,,0,normal,50,12,,,
Afternoon workout 💪,"Jun 28, 2026, 3:07 PM","Jun 28, 2026, 3:48 PM",,Hammer Curl (Cable),0,,1,normal,50,12,,,
Morning workout ☀️,"Jun 27, 2026, 9:30 AM","Jun 27, 2026, 10:11 AM",,Incline Bench Press (Barbell),,,0,normal,135,6,,,
Morning workout ☀️,"Jun 27, 2026, 9:30 AM","Jun 27, 2026, 10:11 AM",,Incline Bench Press (Barbell),,,1,normal,170,3,,,
Morning workout ☀️,"Jun 27, 2026, 9:30 AM","Jun 27, 2026, 10:11 AM",,Incline Bench Press (Barbell),,,2,normal,165,2,,,
Morning workout ☀️,"Jun 27, 2026, 9:30 AM","Jun 27, 2026, 10:11 AM",,Incline Bench Press (Barbell),,,3,normal,160,5,,,
Morning workout ☀️,"Jun 27, 2026, 9:30 AM","Jun 27, 2026, 10:11 AM",,Incline Bench Press (Barbell),,,4,normal,140,6,,,
Morning workout ☀️,"Jun 27, 2026, 9:30 AM","Jun 27, 2026, 10:11 AM",,Butterfly (Pec Deck),,,0,normal,135,10,,,
Morning workout ☀️,"Jun 27, 2026, 9:30 AM","Jun 27, 2026, 10:11 AM",,Butterfly (Pec Deck),,,1,normal,135,12,,,
Morning workout ☀️,"Jun 27, 2026, 9:30 AM","Jun 27, 2026, 10:11 AM",,Butterfly (Pec Deck),,,2,normal,135,12,,,
Morning workout ☀️,"Jun 27, 2026, 9:30 AM","Jun 27, 2026, 10:11 AM",,Incline Bench Press (Dumbbell),,,0,normal,40,12,,,
Morning workout ☀️,"Jun 27, 2026, 9:30 AM","Jun 27, 2026, 10:11 AM",,Incline Bench Press (Dumbbell),,,1,normal,45,12,,,
Morning workout ☀️,"Jun 27, 2026, 9:30 AM","Jun 27, 2026, 10:11 AM",,Incline Bench Press (Dumbbell),,,2,normal,45,12,,,
Afternoon workout 💪,"Jun 25, 2026, 5:48 PM","Jun 25, 2026, 6:33 PM",,Seated Cable Row - V Grip (Cable),,,0,normal,32.89,12,,,
Afternoon workout 💪,"Jun 25, 2026, 5:48 PM","Jun 25, 2026, 6:33 PM",,Seated Cable Row - V Grip (Cable),,,1,normal,32.89,12,,,
Afternoon workout 💪,"Jun 25, 2026, 5:48 PM","Jun 25, 2026, 6:33 PM",,Seated Cable Row - V Grip (Cable),,,2,normal,32.89,12,,,
Afternoon workout 💪,"Jun 25, 2026, 5:48 PM","Jun 25, 2026, 6:33 PM",,Seated Cable Row - V Grip (Cable),,,3,normal,32.89,12,,,
Afternoon workout 💪,"Jun 25, 2026, 5:48 PM","Jun 25, 2026, 6:33 PM",,Bicep Curl (Dumbbell),,,0,normal,30,14,,,
Afternoon workout 💪,"Jun 25, 2026, 5:48 PM","Jun 25, 2026, 6:33 PM",,Bicep Curl (Dumbbell),,,1,normal,35,8,,,
Afternoon workout 💪,"Jun 25, 2026, 5:48 PM","Jun 25, 2026, 6:33 PM",,Bicep Curl (Dumbbell),,,2,normal,30,12,,,
Afternoon workout 💪,"Jun 25, 2026, 5:48 PM","Jun 25, 2026, 6:33 PM",,Seated Row (Machine),,,0,normal,180,12,,,
Afternoon workout 💪,"Jun 25, 2026, 5:48 PM","Jun 25, 2026, 6:33 PM",,Seated Row (Machine),,,1,normal,180,12,,,
Afternoon workout 💪,"Jun 25, 2026, 5:48 PM","Jun 25, 2026, 6:33 PM",,Seated Row (Machine),,,2,normal,180,12,,,
Afternoon workout 💪,"Jun 25, 2026, 5:48 PM","Jun 25, 2026, 6:33 PM",,Face Pull,,,0,normal,47.5,15,,,
Afternoon workout 💪,"Jun 25, 2026, 5:48 PM","Jun 25, 2026, 6:33 PM",,Face Pull,,,1,normal,47.5,15,,,
Afternoon workout 💪,"Jun 25, 2026, 5:48 PM","Jun 25, 2026, 6:33 PM",,Pull Up (Assisted),,,0,normal,3,8,,,
Afternoon workout 💪,"Jun 25, 2026, 5:48 PM","Jun 25, 2026, 6:33 PM",,Pull Up (Assisted),,,1,normal,2,8,,,
Afternoon workout 💪,"Jun 25, 2026, 5:48 PM","Jun 25, 2026, 6:33 PM",,Pull Up (Assisted),,,2,normal,2,8,,,
Evening workout 🏋️,"Jun 22, 2026, 8:52 PM","Jun 22, 2026, 9:18 PM",,Incline Bench Press (Barbell),,,0,normal,135,6,,,
Evening workout 🏋️,"Jun 22, 2026, 8:52 PM","Jun 22, 2026, 9:18 PM",,Incline Bench Press (Barbell),,,1,normal,170,3,,,
Evening workout 🏋️,"Jun 22, 2026, 8:52 PM","Jun 22, 2026, 9:18 PM",,Incline Bench Press (Barbell),,,2,normal,165,2,,,
Evening workout 🏋️,"Jun 22, 2026, 8:52 PM","Jun 22, 2026, 9:18 PM",,Incline Bench Press (Barbell),,,3,normal,165,5,,,
Evening workout 🏋️,"Jun 22, 2026, 8:52 PM","Jun 22, 2026, 9:18 PM",,Incline Bench Press (Barbell),,,4,normal,135,7,,,
Evening workout 🏋️,"Jun 22, 2026, 8:52 PM","Jun 22, 2026, 9:18 PM",,Seated Dip Machine,,,0,normal,10,12,,,
Evening workout 🏋️,"Jun 22, 2026, 8:52 PM","Jun 22, 2026, 9:18 PM",,Seated Dip Machine,,,1,normal,10,12,,,
Evening workout 🏋️,"Jun 22, 2026, 8:52 PM","Jun 22, 2026, 9:18 PM",,Butterfly (Pec Deck),,,0,normal,130,12,,,
Evening workout 🏋️,"Jun 22, 2026, 8:52 PM","Jun 22, 2026, 9:18 PM",,Butterfly (Pec Deck),,,1,normal,130,12,,,
Evening workout 🏋️,"Jun 19, 2026, 7:51 PM","Jun 19, 2026, 8:16 PM",,Bicep Curl (Dumbbell),,,0,normal,30,12,,,
Evening workout 🏋️,"Jun 19, 2026, 7:51 PM","Jun 19, 2026, 8:16 PM",,Bicep Curl (Dumbbell),,,1,normal,30,12,,,
Evening workout 🏋️,"Jun 19, 2026, 7:51 PM","Jun 19, 2026, 8:16 PM",,Bicep Curl (Dumbbell),,,2,normal,30,12,,,
Evening workout 🏋️,"Jun 19, 2026, 7:51 PM","Jun 19, 2026, 8:16 PM",,Hammer Curl (Dumbbell),,,0,normal,25,12,,,
Evening workout 🏋️,"Jun 19, 2026, 7:51 PM","Jun 19, 2026, 8:16 PM",,Hammer Curl (Dumbbell),,,1,normal,20,15,,,
Evening workout 🏋️,"Jun 19, 2026, 7:51 PM","Jun 19, 2026, 8:16 PM",,Hammer Curl (Dumbbell),,,2,normal,20,15,,,
Evening workout 🏋️,"Jun 17, 2026, 8:03 PM","Jun 17, 2026, 8:39 PM",,Bench Press (Barbell),,,0,normal,135,8,,,
Evening workout 🏋️,"Jun 17, 2026, 8:03 PM","Jun 17, 2026, 8:39 PM",,Bench Press (Barbell),,,1,normal,185,5,,,
Evening workout 🏋️,"Jun 17, 2026, 8:03 PM","Jun 17, 2026, 8:39 PM",,Bench Press (Barbell),,,2,normal,185,5,,,
Evening workout 🏋️,"Jun 17, 2026, 8:03 PM","Jun 17, 2026, 8:39 PM",,Incline Bench Press (Barbell),,,0,normal,135,6,,,
Evening workout 🏋️,"Jun 17, 2026, 8:03 PM","Jun 17, 2026, 8:39 PM",,Incline Bench Press (Barbell),,,1,normal,135,8,,,
Evening workout 🏋️,"Jun 17, 2026, 8:03 PM","Jun 17, 2026, 8:39 PM",,Seated Dip Machine,,,0,normal,10,12,,,
Evening workout 🏋️,"Jun 17, 2026, 8:03 PM","Jun 17, 2026, 8:39 PM",,Seated Dip Machine,,,1,normal,10,12,,,
Evening workout 🏋️,"Jun 17, 2026, 8:03 PM","Jun 17, 2026, 8:39 PM",,Butterfly (Pec Deck),,,0,normal,130,12,,,
Evening workout 🏋️,"Jun 17, 2026, 8:03 PM","Jun 17, 2026, 8:39 PM",,Butterfly (Pec Deck),,,1,normal,130,12,,,
Late night workout 🌙,"Jun 15, 2026, 10:08 PM","Jun 15, 2026, 10:38 PM",,Seated Cable Row - V Grip (Cable),,,0,normal,31.75,12,,,
Late night workout 🌙,"Jun 15, 2026, 10:08 PM","Jun 15, 2026, 10:38 PM",,Seated Cable Row - V Grip (Cable),,,1,normal,31.75,12,,,
Late night workout 🌙,"Jun 15, 2026, 10:08 PM","Jun 15, 2026, 10:38 PM",,Seated Cable Row - V Grip (Cable),,,2,normal,31.75,12,,,
Late night workout 🌙,"Jun 15, 2026, 10:08 PM","Jun 15, 2026, 10:38 PM",,Iso-Lateral Row (Machine),,,0,normal,13,17,,,
Late night workout 🌙,"Jun 15, 2026, 10:08 PM","Jun 15, 2026, 10:38 PM",,Iso-Lateral Row (Machine),,,1,normal,13,15,,,
Late night workout 🌙,"Jun 15, 2026, 10:08 PM","Jun 15, 2026, 10:38 PM",,Bicep Curl (Dumbbell),,,0,normal,30,12,,,
Late night workout 🌙,"Jun 15, 2026, 10:08 PM","Jun 15, 2026, 10:38 PM",,Bicep Curl (Dumbbell),,,1,normal,30,12,,,
Late night workout 🌙,"Jun 15, 2026, 10:08 PM","Jun 15, 2026, 10:38 PM",,Bicep Curl (Dumbbell),,,2,normal,30,12,,,
Evening workout 🏋️,"Jun 13, 2026, 6:37 PM","Jun 13, 2026, 7:13 PM",,Incline Bench Press (Barbell),,,0,normal,135,6,,,
Evening workout 🏋️,"Jun 13, 2026, 6:37 PM","Jun 13, 2026, 7:13 PM",,Incline Bench Press (Barbell),,,1,normal,165,5,,,
Evening workout 🏋️,"Jun 13, 2026, 6:37 PM","Jun 13, 2026, 7:13 PM",,Incline Bench Press (Barbell),,,2,normal,165,5,,,
Evening workout 🏋️,"Jun 13, 2026, 6:37 PM","Jun 13, 2026, 7:13 PM",,Incline Bench Press (Barbell),,,3,normal,135,8,,,
Evening workout 🏋️,"Jun 13, 2026, 6:37 PM","Jun 13, 2026, 7:13 PM",,Bench Press (Barbell),,,0,normal,135,7,,,
Evening workout 🏋️,"Jun 13, 2026, 6:37 PM","Jun 13, 2026, 7:13 PM",,Bench Press (Barbell),,,1,normal,185,5,,,
Evening workout 🏋️,"Jun 13, 2026, 6:37 PM","Jun 13, 2026, 7:13 PM",,Bench Press (Barbell),,,2,normal,135,8,,,
Evening workout 🏋️,"Jun 13, 2026, 6:37 PM","Jun 13, 2026, 7:13 PM",,Chest Fly (Machine),,,0,normal,9,15,,,
Evening workout 🏋️,"Jun 13, 2026, 6:37 PM","Jun 13, 2026, 7:13 PM",,Chest Fly (Machine),,,1,normal,9,12,,,
Evening workout 🏋️,"Jun 13, 2026, 6:37 PM","Jun 13, 2026, 7:13 PM",,Seated Dip Machine,,,0,normal,10,12,,,
Evening workout 🏋️,"Jun 13, 2026, 6:37 PM","Jun 13, 2026, 7:13 PM",,Seated Dip Machine,,,1,normal,10,12,,,
Afternoon workout 💪,"Jun 12, 2026, 5:33 PM","Jun 12, 2026, 5:59 PM",,Leg Press Horizontal (Machine),,,0,normal,190,12,,,
Afternoon workout 💪,"Jun 12, 2026, 5:33 PM","Jun 12, 2026, 5:59 PM",,Leg Press Horizontal (Machine),,,1,normal,185,14,,,
Afternoon workout 💪,"Jun 12, 2026, 5:33 PM","Jun 12, 2026, 5:59 PM",,Leg Press Horizontal (Machine),,,2,normal,195,14,,,
Afternoon workout 💪,"Jun 12, 2026, 5:33 PM","Jun 12, 2026, 5:59 PM",,Seated Leg Curl (Machine),,,0,normal,85,15,,,
Afternoon workout 💪,"Jun 12, 2026, 5:33 PM","Jun 12, 2026, 5:59 PM",,Seated Leg Curl (Machine),,,1,normal,90,15,,,
Afternoon workout 💪,"Jun 12, 2026, 5:33 PM","Jun 12, 2026, 5:59 PM",,Leg Extension (Machine),,,0,normal,95,15,,,
Afternoon workout 💪,"Jun 12, 2026, 5:33 PM","Jun 12, 2026, 5:59 PM",,Leg Extension (Machine),,,1,normal,95,15,,,
Afternoon workout 💪,"Jun 12, 2026, 5:33 PM","Jun 12, 2026, 5:59 PM",,Single Leg Standing Calf Raise (Machine),,,0,normal,95,20,,,
Afternoon workout 💪,"Jun 11, 2026, 5:17 PM","Jun 11, 2026, 6:05 PM",,Overhead Press (Barbell),,,0,normal,65,12,,,
Afternoon workout 💪,"Jun 11, 2026, 5:17 PM","Jun 11, 2026, 6:05 PM",,Overhead Press (Barbell),,,1,normal,115,5,,,
Afternoon workout 💪,"Jun 11, 2026, 5:17 PM","Jun 11, 2026, 6:05 PM",,Overhead Press (Barbell),,,2,normal,115,5,,,
Afternoon workout 💪,"Jun 11, 2026, 5:17 PM","Jun 11, 2026, 6:05 PM",,Bicep Curl (Dumbbell),,,0,normal,30,12,,,
Afternoon workout 💪,"Jun 11, 2026, 5:17 PM","Jun 11, 2026, 6:05 PM",,Bicep Curl (Dumbbell),,,1,normal,30,12,,,
Afternoon workout 💪,"Jun 11, 2026, 5:17 PM","Jun 11, 2026, 6:05 PM",,Bicep Curl (Dumbbell),,,2,normal,30,10,,,
Afternoon workout 💪,"Jun 11, 2026, 5:17 PM","Jun 11, 2026, 6:05 PM",,Lateral Raise (Dumbbell),,,0,normal,15,15,,,
Afternoon workout 💪,"Jun 11, 2026, 5:17 PM","Jun 11, 2026, 6:05 PM",,Lateral Raise (Dumbbell),,,1,normal,15,15,,,
Afternoon workout 💪,"Jun 11, 2026, 5:17 PM","Jun 11, 2026, 6:05 PM",,Seated Dip Machine,,,0,normal,9,17,,,
Afternoon workout 💪,"Jun 11, 2026, 5:17 PM","Jun 11, 2026, 6:05 PM",,Seated Dip Machine,,,1,normal,10,12,,,
Afternoon workout 💪,"Jun 11, 2026, 5:17 PM","Jun 11, 2026, 6:05 PM",,Seated Dip Machine,,,2,normal,10,12,,,
Afternoon workout 💪,"Jun 11, 2026, 5:17 PM","Jun 11, 2026, 6:05 PM",,Hammer Curl (Cable),,,0,normal,37.5,20,,,
Afternoon workout 💪,"Jun 11, 2026, 5:17 PM","Jun 11, 2026, 6:05 PM",,Hammer Curl (Cable),,,1,normal,37.5,15,,,
Evening workout 🏋️,"Jun 10, 2026, 8:49 PM","Jun 10, 2026, 9:15 PM",,Incline Bench Press (Barbell),,,0,normal,135,6,,,
Evening workout 🏋️,"Jun 10, 2026, 8:49 PM","Jun 10, 2026, 9:15 PM",,Incline Bench Press (Barbell),,,1,normal,155,5,,,
Evening workout 🏋️,"Jun 10, 2026, 8:49 PM","Jun 10, 2026, 9:15 PM",,Incline Bench Press (Barbell),,,2,normal,160,5,,,
Evening workout 🏋️,"Jun 10, 2026, 8:49 PM","Jun 10, 2026, 9:15 PM",,Seated Cable Row - V Grip (Cable),,,0,normal,29.48,15,,,
Evening workout 🏋️,"Jun 10, 2026, 8:49 PM","Jun 10, 2026, 9:15 PM",,Seated Cable Row - V Grip (Cable),,,1,normal,29.48,15,,,
Evening workout 🏋️,"Jun 10, 2026, 8:49 PM","Jun 10, 2026, 9:15 PM",,Seated Cable Row - V Grip (Cable),,,2,normal,28.35,12,,,
Evening workout 🏋️,"Jun 10, 2026, 8:49 PM","Jun 10, 2026, 9:15 PM",,Chest Fly (Machine),,,0,normal,8,15,,,
Evening workout 🏋️,"Jun 10, 2026, 8:49 PM","Jun 10, 2026, 9:15 PM",,Chest Fly (Machine),,,1,normal,8,13,,,
Evening workout 🏋️,"Jun 10, 2026, 8:49 PM","Jun 10, 2026, 9:15 PM",,Seated Row (Machine),,,0,normal,180,12,,,
Evening workout 🏋️,"Jun 10, 2026, 8:49 PM","Jun 10, 2026, 9:15 PM",,Seated Row (Machine),,,1,normal,180,12,,,
Evening workout 🏋️,"Jun 10, 2026, 8:49 PM","Jun 10, 2026, 9:15 PM",,Seated Row (Machine),,,2,normal,180,12,,,
Evening workout 🏋️,"Jun 8, 2026, 7:24 PM","Jun 8, 2026, 7:54 PM",,Leg Press (Machine),,,0,normal,300,12,,,
Evening workout 🏋️,"Jun 8, 2026, 7:24 PM","Jun 8, 2026, 7:54 PM",,Leg Press (Machine),,,1,normal,300,12,,,
Evening workout 🏋️,"Jun 8, 2026, 7:24 PM","Jun 8, 2026, 7:54 PM",,Hip Adduction (Machine),0,,0,normal,90,15,,,
Evening workout 🏋️,"Jun 8, 2026, 7:24 PM","Jun 8, 2026, 7:54 PM",,Hip Adduction (Machine),0,,1,normal,90,15,,,
Evening workout 🏋️,"Jun 8, 2026, 7:24 PM","Jun 8, 2026, 7:54 PM",,Hip Adduction (Machine),0,,2,normal,90,15,,,
Evening workout 🏋️,"Jun 8, 2026, 7:24 PM","Jun 8, 2026, 7:54 PM",,Hip Abduction (Machine),0,,0,normal,90,12,,,
Evening workout 🏋️,"Jun 8, 2026, 7:24 PM","Jun 8, 2026, 7:54 PM",,Hip Abduction (Machine),0,,1,normal,90,15,,,
Evening workout 🏋️,"Jun 8, 2026, 7:24 PM","Jun 8, 2026, 7:54 PM",,Leg Extension (Machine),,,0,normal,90,15,,,
Evening workout 🏋️,"Jun 8, 2026, 7:24 PM","Jun 8, 2026, 7:54 PM",,Leg Extension (Machine),,,1,normal,90,15,,,
Evening workout 🏋️,"Jun 8, 2026, 7:24 PM","Jun 8, 2026, 7:54 PM",,Seated Leg Curl (Machine),,,0,normal,85,15,,,
Evening workout 🏋️,"Jun 8, 2026, 7:24 PM","Jun 8, 2026, 7:54 PM",,Seated Leg Curl (Machine),,,1,normal,85,15,,,
Afternoon workout 💪,"Jun 6, 2026, 1:26 PM","Jun 6, 2026, 2:06 PM",,Incline Bench Press (Barbell),,,0,normal,135,6,,,
Afternoon workout 💪,"Jun 6, 2026, 1:26 PM","Jun 6, 2026, 2:06 PM",,Incline Bench Press (Barbell),,,1,normal,145,6,,,
Afternoon workout 💪,"Jun 6, 2026, 1:26 PM","Jun 6, 2026, 2:06 PM",,Incline Bench Press (Barbell),,,2,normal,145,5,,,
Afternoon workout 💪,"Jun 6, 2026, 1:26 PM","Jun 6, 2026, 2:06 PM",,Seated Dip Machine,,,0,normal,9,15,,,
Afternoon workout 💪,"Jun 6, 2026, 1:26 PM","Jun 6, 2026, 2:06 PM",,Seated Dip Machine,,,1,normal,9,15,,,
Afternoon workout 💪,"Jun 6, 2026, 1:26 PM","Jun 6, 2026, 2:06 PM",,Seated Dip Machine,,,2,normal,9,12,,,
Afternoon workout 💪,"Jun 6, 2026, 1:26 PM","Jun 6, 2026, 2:06 PM",,Bench Press (Barbell),,,0,normal,135,7,,,
Afternoon workout 💪,"Jun 6, 2026, 1:26 PM","Jun 6, 2026, 2:06 PM",,Bench Press (Barbell),,,1,normal,175,5,,,
Afternoon workout 💪,"Jun 6, 2026, 1:26 PM","Jun 6, 2026, 2:06 PM",,Bench Press (Barbell),,,2,normal,175,5,,,
Afternoon workout 💪,"Jun 5, 2026, 4:53 PM","Jun 5, 2026, 5:26 PM",,Seated Cable Row - V Grip (Cable),,,0,normal,28.35,15,,,
Afternoon workout 💪,"Jun 5, 2026, 4:53 PM","Jun 5, 2026, 5:26 PM",,Seated Cable Row - V Grip (Cable),,,1,normal,28.35,15,,,
Afternoon workout 💪,"Jun 5, 2026, 4:53 PM","Jun 5, 2026, 5:26 PM",,Seated Cable Row - V Grip (Cable),,,2,normal,28.35,15,,,
Afternoon workout 💪,"Jun 5, 2026, 4:53 PM","Jun 5, 2026, 5:26 PM",,Bicep Curl (Dumbbell),,,0,normal,25,25,,,
Afternoon workout 💪,"Jun 5, 2026, 4:53 PM","Jun 5, 2026, 5:26 PM",,Bicep Curl (Dumbbell),,,1,normal,25,15,,,
Afternoon workout 💪,"Jun 5, 2026, 4:53 PM","Jun 5, 2026, 5:26 PM",,Bicep Curl (Dumbbell),,,2,normal,25,15,,,
Afternoon workout 💪,"Jun 5, 2026, 4:53 PM","Jun 5, 2026, 5:26 PM",,Bicep Curl (Dumbbell),,,3,normal,20,12,,,
Afternoon workout 💪,"Jun 5, 2026, 4:53 PM","Jun 5, 2026, 5:26 PM",,Iso-Lateral Row (Machine),,,0,normal,13,17,,,
Afternoon workout 💪,"Jun 5, 2026, 4:53 PM","Jun 5, 2026, 5:26 PM",,Iso-Lateral Row (Machine),,,1,normal,13,15,,,
Afternoon workout 💪,"Jun 5, 2026, 4:53 PM","Jun 5, 2026, 5:26 PM",,Lateral Raise (Dumbbell),,,0,normal,15,20,,,
Afternoon workout 💪,"Jun 5, 2026, 4:53 PM","Jun 5, 2026, 5:26 PM",,Lateral Raise (Dumbbell),,,1,normal,15,20,,,
Afternoon workout 💪,"Jun 4, 2026, 4:41 PM","Jun 4, 2026, 5:03 PM",,Box Jump,,,0,normal,,17,,,
Afternoon workout 💪,"Jun 4, 2026, 4:41 PM","Jun 4, 2026, 5:03 PM",,Box Jump,,,1,normal,,17,,,
Afternoon workout 💪,"Jun 4, 2026, 4:41 PM","Jun 4, 2026, 5:03 PM",,Seated Leg Curl (Machine),,,0,normal,80,17,,,
Afternoon workout 💪,"Jun 4, 2026, 4:41 PM","Jun 4, 2026, 5:03 PM",,Seated Leg Curl (Machine),,,1,normal,80,17,,,
Afternoon workout 💪,"Jun 4, 2026, 4:41 PM","Jun 4, 2026, 5:03 PM",,Single Leg Standing Calf Raise (Machine),,,0,normal,90,20,,,
Afternoon workout 💪,"Jun 4, 2026, 4:41 PM","Jun 4, 2026, 5:03 PM",,Single Leg Standing Calf Raise (Machine),,,1,normal,95,20,,,
Afternoon workout 💪,"Jun 2, 2026, 5:19 PM","Jun 2, 2026, 6:04 PM",,Decline Crunch,,,0,normal,,12,,,
Afternoon workout 💪,"Jun 2, 2026, 5:19 PM","Jun 2, 2026, 6:04 PM",,Overhead Press (Barbell),,,0,normal,65,12,,,
Afternoon workout 💪,"Jun 2, 2026, 5:19 PM","Jun 2, 2026, 6:04 PM",,Overhead Press (Barbell),,,1,normal,95,8,,,
Afternoon workout 💪,"Jun 2, 2026, 5:19 PM","Jun 2, 2026, 6:04 PM",,Overhead Press (Barbell),,,2,normal,95,8,,,
Afternoon workout 💪,"Jun 2, 2026, 5:19 PM","Jun 2, 2026, 6:04 PM",,Bicep Curl (Dumbbell),,,0,normal,25,15,,,
Afternoon workout 💪,"Jun 2, 2026, 5:19 PM","Jun 2, 2026, 6:04 PM",,Bicep Curl (Dumbbell),,,1,normal,25,15,,,
Afternoon workout 💪,"Jun 2, 2026, 5:19 PM","Jun 2, 2026, 6:04 PM",,Iso-Lateral Row (Machine),,,0,normal,13,15,,,
Afternoon workout 💪,"Jun 2, 2026, 5:19 PM","Jun 2, 2026, 6:04 PM",,Iso-Lateral Row (Machine),,,1,normal,13,15,,,
Afternoon workout 💪,"Jun 2, 2026, 5:19 PM","Jun 2, 2026, 6:04 PM",,Seated Row (Machine),,,0,normal,140,12,,,
Afternoon workout 💪,"Jun 2, 2026, 5:19 PM","Jun 2, 2026, 6:04 PM",,Seated Row (Machine),,,1,normal,180,12,,,
Afternoon workout 💪,"Jun 2, 2026, 5:19 PM","Jun 2, 2026, 6:04 PM",,Hammer Curl (Dumbbell),,,0,normal,20,15,,,
Afternoon workout 💪,"Jun 2, 2026, 5:19 PM","Jun 2, 2026, 6:04 PM",,Lateral Raise (Dumbbell),,,0,normal,15,20,,,
Afternoon workout 💪,"Jun 2, 2026, 5:19 PM","Jun 2, 2026, 6:04 PM",,Bicep Curl (Dumbbell),,,0,normal,20,15,,,
Afternoon workout 💪,"Jun 1, 2026, 5:12 PM","Jun 1, 2026, 5:50 PM",,Bench Press (Barbell),,,0,normal,135,7,,,
Afternoon workout 💪,"Jun 1, 2026, 5:12 PM","Jun 1, 2026, 5:50 PM",,Bench Press (Barbell),,,1,normal,175,5,,,
Afternoon workout 💪,"Jun 1, 2026, 5:12 PM","Jun 1, 2026, 5:50 PM",,Bench Press (Barbell),,,2,normal,175,5,,,
Afternoon workout 💪,"Jun 1, 2026, 5:12 PM","Jun 1, 2026, 5:50 PM",,Bench Press (Barbell),,,3,normal,155,6,,,
Afternoon workout 💪,"Jun 1, 2026, 5:12 PM","Jun 1, 2026, 5:50 PM",,Chest Fly (Machine),,,0,normal,7,13,,,
Afternoon workout 💪,"Jun 1, 2026, 5:12 PM","Jun 1, 2026, 5:50 PM",,Chest Fly (Machine),,,1,normal,8,13,,,
Afternoon workout 💪,"Jun 1, 2026, 5:12 PM","Jun 1, 2026, 5:50 PM",,Seated Dip Machine,,,0,normal,8,15,,,
Afternoon workout 💪,"Jun 1, 2026, 5:12 PM","Jun 1, 2026, 5:50 PM",,Seated Dip Machine,,,1,normal,8,15,,,
Afternoon workout 💪,"Jun 1, 2026, 5:12 PM","Jun 1, 2026, 5:50 PM",,Seated Dip Machine,,,2,normal,8,15,,,
Afternoon workout 💪,"Jun 1, 2026, 5:12 PM","Jun 1, 2026, 5:50 PM",,Decline Crunch,,,0,normal,,25,,,
Afternoon workout 💪,"Jun 1, 2026, 5:12 PM","Jun 1, 2026, 5:50 PM",,Crunch (Machine),,,0,normal,10,40,,,
Afternoon workout 💪,"Jun 1, 2026, 5:12 PM","Jun 1, 2026, 5:50 PM",,Chest Press (Machine),,,0,normal,120,15,,,
Afternoon workout 💪,"Jun 1, 2026, 5:12 PM","Jun 1, 2026, 5:50 PM",,Chest Press (Machine),,,1,normal,140,13,,,
Afternoon workout 💪,"Jun 1, 2026, 5:12 PM","Jun 1, 2026, 5:50 PM",,Incline Bench Press (Barbell),,,0,normal,135,6,,,
Afternoon workout 💪,"May 29, 2026, 4:36 PM","May 29, 2026, 5:07 PM",,Squat (Barbell),,,0,normal,135,5,,,
Afternoon workout 💪,"May 29, 2026, 4:36 PM","May 29, 2026, 5:07 PM",,Squat (Barbell),,,1,normal,135,5,,,
Afternoon workout 💪,"May 29, 2026, 4:36 PM","May 29, 2026, 5:07 PM",,Squat (Barbell),,,2,normal,135,5,,,
Afternoon workout 💪,"May 29, 2026, 4:36 PM","May 29, 2026, 5:07 PM",,Single Leg Standing Calf Raise (Machine),,Setting 4,0,normal,90,15,,,
Afternoon workout 💪,"May 29, 2026, 4:36 PM","May 29, 2026, 5:07 PM",,Single Leg Standing Calf Raise (Machine),,Setting 4,1,normal,90,15,,,
Afternoon workout 💪,"May 29, 2026, 4:36 PM","May 29, 2026, 5:07 PM",,Single Leg Standing Calf Raise (Machine),,Setting 4,2,normal,90,15,,,
Afternoon workout 💪,"May 29, 2026, 4:36 PM","May 29, 2026, 5:07 PM",,Leg Extension (Machine),,90 on new machine,0,normal,90,15,,,
Afternoon workout 💪,"May 29, 2026, 4:36 PM","May 29, 2026, 5:07 PM",,Leg Extension (Machine),,90 on new machine,1,normal,90,15,,,
Afternoon workout 💪,"May 29, 2026, 4:36 PM","May 29, 2026, 5:07 PM",,Leg Extension (Machine),,90 on new machine,2,normal,90,15,,,
Afternoon workout 💪,"May 29, 2026, 4:36 PM","May 29, 2026, 5:07 PM",,Seated Leg Curl (Machine),,,0,normal,80,15,,,
Afternoon workout 💪,"May 29, 2026, 4:36 PM","May 29, 2026, 5:07 PM",,Seated Leg Curl (Machine),,,1,normal,80,15,,,
Afternoon workout 💪,"May 28, 2026, 5:08 PM","May 28, 2026, 5:45 PM",,Bench Press (Barbell),,,0,normal,135,6,,,
Afternoon workout 💪,"May 28, 2026, 5:08 PM","May 28, 2026, 5:45 PM",,Bench Press (Barbell),,,1,normal,175,5,,,
Afternoon workout 💪,"May 28, 2026, 5:08 PM","May 28, 2026, 5:45 PM",,Bench Press (Barbell),,,2,normal,175,5,,,
Afternoon workout 💪,"May 28, 2026, 5:08 PM","May 28, 2026, 5:45 PM",,Bench Press (Barbell),,,3,normal,135,5,,,
Afternoon workout 💪,"May 28, 2026, 5:08 PM","May 28, 2026, 5:45 PM",,Incline Bench Press (Barbell),,,0,normal,135,6,,,
Afternoon workout 💪,"May 28, 2026, 5:08 PM","May 28, 2026, 5:45 PM",,Incline Bench Press (Barbell),,,1,normal,145,6,,,
Afternoon workout 💪,"May 28, 2026, 5:08 PM","May 28, 2026, 5:45 PM",,Incline Bench Press (Barbell),,,2,normal,145,5,,,
Afternoon workout 💪,"May 28, 2026, 5:08 PM","May 28, 2026, 5:45 PM",,Chest Fly (Machine),,,0,normal,7,13,,,
Afternoon workout 💪,"May 28, 2026, 5:08 PM","May 28, 2026, 5:45 PM",,Chest Fly (Machine),,,1,normal,7,13,,,
Afternoon workout 💪,"May 28, 2026, 5:08 PM","May 28, 2026, 5:45 PM",,Chest Fly (Machine),,,2,normal,7,13,,,
Afternoon workout 💪,"May 28, 2026, 5:08 PM","May 28, 2026, 5:45 PM",,Seated Dip Machine,,,0,normal,8,15,,,
Afternoon workout 💪,"May 28, 2026, 5:08 PM","May 28, 2026, 5:45 PM",,Seated Dip Machine,,,1,normal,8,15,,,
Afternoon workout 💪,"May 27, 2026, 5:21 PM","May 27, 2026, 5:55 PM",,Overhead Press (Barbell),,,0,normal,65,12,,,
Afternoon workout 💪,"May 27, 2026, 5:21 PM","May 27, 2026, 5:55 PM",,Overhead Press (Barbell),,,1,normal,95,7,,,
Afternoon workout 💪,"May 27, 2026, 5:21 PM","May 27, 2026, 5:55 PM",,Overhead Press (Barbell),,,2,normal,95,7,,,
Afternoon workout 💪,"May 27, 2026, 5:21 PM","May 27, 2026, 5:55 PM",,Iso-Lateral Row (Machine),,,0,normal,13,12,,,
Afternoon workout 💪,"May 27, 2026, 5:21 PM","May 27, 2026, 5:55 PM",,Iso-Lateral Row (Machine),,,1,normal,13,12,,,
Afternoon workout 💪,"May 27, 2026, 5:21 PM","May 27, 2026, 5:55 PM",,Seated Cable Row - V Grip (Cable),,,0,normal,27.22,13,,,
Afternoon workout 💪,"May 27, 2026, 5:21 PM","May 27, 2026, 5:55 PM",,Seated Cable Row - V Grip (Cable),,,1,normal,27.22,15,,,
Afternoon workout 💪,"May 27, 2026, 5:21 PM","May 27, 2026, 5:55 PM",,Seated Cable Row - V Grip (Cable),,,2,normal,27.22,15,,,
Afternoon workout 💪,"May 27, 2026, 5:21 PM","May 27, 2026, 5:55 PM",,Bicep Curl (Dumbbell),,,0,normal,25,15,,,
Afternoon workout 💪,"May 27, 2026, 5:21 PM","May 27, 2026, 5:55 PM",,Bicep Curl (Dumbbell),,,1,normal,20,20,,,
Afternoon workout 💪,"May 27, 2026, 5:21 PM","May 27, 2026, 5:55 PM",,Bicep Curl (Dumbbell),,,2,normal,25,20,,,
Afternoon workout 💪,"May 27, 2026, 5:21 PM","May 27, 2026, 5:55 PM",,Lateral Raise (Dumbbell),,,0,normal,15,20,,,
Afternoon workout 💪,"May 27, 2026, 5:21 PM","May 27, 2026, 5:55 PM",,Lateral Raise (Dumbbell),,,1,normal,15,20,,,
Afternoon workout 💪,"May 21, 2026, 5:15 PM","May 21, 2026, 5:38 PM",,Box Jump,,,0,normal,,15,,,
Afternoon workout 💪,"May 21, 2026, 5:15 PM","May 21, 2026, 5:38 PM",,Box Jump,,,1,normal,,15,,,
Afternoon workout 💪,"May 21, 2026, 5:15 PM","May 21, 2026, 5:38 PM",,Seated Leg Curl (Machine),,,0,normal,80,15,,,
Afternoon workout 💪,"May 21, 2026, 5:15 PM","May 21, 2026, 5:38 PM",,Seated Leg Curl (Machine),,,1,normal,80,15,,,
Afternoon workout 💪,"May 21, 2026, 5:15 PM","May 21, 2026, 5:38 PM",,Single Leg Standing Calf Raise (Machine),,"Setting 4
Shows off 
Slow",0,normal,90,15,,,
Afternoon workout 💪,"May 21, 2026, 5:15 PM","May 21, 2026, 5:38 PM",,Single Leg Standing Calf Raise (Machine),,"Setting 4
Shows off 
Slow",1,normal,90,15,,,
Evening workout 🏋️,"May 20, 2026, 7:12 PM","May 20, 2026, 7:46 PM",,Seated Row (Machine),,,0,normal,140,12,,,
Evening workout 🏋️,"May 20, 2026, 7:12 PM","May 20, 2026, 7:46 PM",,Seated Row (Machine),,,1,normal,180,12,,,
Evening workout 🏋️,"May 20, 2026, 7:12 PM","May 20, 2026, 7:46 PM",,Iso-Lateral Row (Machine),,,0,normal,12,15,,,
Evening workout 🏋️,"May 20, 2026, 7:12 PM","May 20, 2026, 7:46 PM",,Iso-Lateral Row (Machine),,,1,normal,12,15,,,
Evening workout 🏋️,"May 20, 2026, 7:12 PM","May 20, 2026, 7:46 PM",,Iso-Lateral Row (Machine),,,2,normal,12,15,,,
Evening workout 🏋️,"May 20, 2026, 7:12 PM","May 20, 2026, 7:46 PM",,Seated Cable Row - V Grip (Cable),,,0,normal,22.68,15,,,
Evening workout 🏋️,"May 20, 2026, 7:12 PM","May 20, 2026, 7:46 PM",,Seated Cable Row - V Grip (Cable),,,1,normal,22.68,15,,,
Evening workout 🏋️,"May 20, 2026, 7:12 PM","May 20, 2026, 7:46 PM",,Seated Cable Row - V Grip (Cable),,,2,normal,22.68,15,,,
Evening workout 🏋️,"May 20, 2026, 7:12 PM","May 20, 2026, 7:46 PM",,Rear Delt Reverse Fly (Machine),,,0,normal,70,12,,,
Evening workout 🏋️,"May 20, 2026, 7:12 PM","May 20, 2026, 7:46 PM",,Bicep Curl (Dumbbell),,,0,normal,25,15,,,
Evening workout 🏋️,"May 20, 2026, 7:12 PM","May 20, 2026, 7:46 PM",,Bicep Curl (Dumbbell),,,1,normal,25,15,,,
Evening workout 🏋️,"May 20, 2026, 7:12 PM","May 20, 2026, 7:46 PM",,Seated Palms Up Wrist Curl,,,0,normal,20,15,,,
Evening workout 🏋️,"May 20, 2026, 7:12 PM","May 20, 2026, 7:46 PM",,Seated Palms Up Wrist Curl,,,1,normal,20,15,,,
Evening workout 🏋️,"May 20, 2026, 7:12 PM","May 20, 2026, 7:46 PM",,Lateral Raise (Dumbbell),,,0,normal,15,20,,,
Evening workout 🏋️,"May 20, 2026, 7:12 PM","May 20, 2026, 7:46 PM",,Lateral Raise (Dumbbell),,,1,normal,15,20,,,
Evening workout 🏋️,"May 20, 2026, 7:12 PM","May 20, 2026, 7:46 PM",,Bicep Curl (Dumbbell),,Seated,0,normal,20,15,,,
Evening workout 🏋️,"May 19, 2026, 6:35 PM","May 19, 2026, 7:21 PM",,Bench Press (Barbell),,,0,normal,135,6,,,
Evening workout 🏋️,"May 19, 2026, 6:35 PM","May 19, 2026, 7:21 PM",,Bench Press (Barbell),,,1,normal,185,3,,,
Evening workout 🏋️,"May 19, 2026, 6:35 PM","May 19, 2026, 7:21 PM",,Bench Press (Barbell),,,2,normal,175,3,,,
Evening workout 🏋️,"May 19, 2026, 6:35 PM","May 19, 2026, 7:21 PM",,Bench Press (Barbell),,,3,normal,175,5,,,
Evening workout 🏋️,"May 19, 2026, 6:35 PM","May 19, 2026, 7:21 PM",,Incline Bench Press (Barbell),,,0,normal,135,6,,,
Evening workout 🏋️,"May 19, 2026, 6:35 PM","May 19, 2026, 7:21 PM",,Incline Bench Press (Barbell),,,1,normal,155,6,,,
Evening workout 🏋️,"May 19, 2026, 6:35 PM","May 19, 2026, 7:21 PM",,Butterfly (Pec Deck),,,0,normal,130,12,,,
Evening workout 🏋️,"May 19, 2026, 6:35 PM","May 19, 2026, 7:21 PM",,Butterfly (Pec Deck),,,1,normal,130,12,,,
Evening workout 🏋️,"May 19, 2026, 6:35 PM","May 19, 2026, 7:21 PM",,Triceps Pushdown,,,0,normal,37.5,20,,,
Evening workout 🏋️,"May 19, 2026, 6:35 PM","May 19, 2026, 7:21 PM",,Triceps Pushdown,,,1,normal,37.5,20,,,
Evening workout 🏋️,"May 19, 2026, 6:35 PM","May 19, 2026, 7:21 PM",,Triceps Pushdown,,,2,normal,37.5,20,,,
Evening workout 🏋️,"May 18, 2026, 8:07 PM","May 18, 2026, 8:29 PM",,Squat (Barbell),,,0,normal,135,5,,,
Evening workout 🏋️,"May 18, 2026, 8:07 PM","May 18, 2026, 8:29 PM",,Squat (Barbell),,,1,normal,135,6,,,
Evening workout 🏋️,"May 18, 2026, 8:07 PM","May 18, 2026, 8:29 PM",,Squat (Barbell),,,2,normal,135,5,,,
Evening workout 🏋️,"May 18, 2026, 8:07 PM","May 18, 2026, 8:29 PM",,Leg Extension (Machine),,It’s actually 70-75 on the new machine- also after squats,0,normal,95,12,,,
Evening workout 🏋️,"May 18, 2026, 8:07 PM","May 18, 2026, 8:29 PM",,Leg Extension (Machine),,It’s actually 70-75 on the new machine- also after squats,1,normal,100,12,,,
Evening workout 🏋️,"May 18, 2026, 8:07 PM","May 18, 2026, 8:29 PM",,Leg Extension (Machine),,It’s actually 70-75 on the new machine- also after squats,2,normal,100,12,,,
Evening workout 🏋️,"May 18, 2026, 8:07 PM","May 18, 2026, 8:29 PM",,Seated Leg Curl (Machine),,,0,normal,75,12,,,
Evening workout 🏋️,"May 18, 2026, 8:07 PM","May 18, 2026, 8:29 PM",,Seated Leg Curl (Machine),,,1,normal,80,12,,,
Evening workout 🏋️,"May 18, 2026, 8:07 PM","May 18, 2026, 8:29 PM",,Seated Leg Curl (Machine),,,2,normal,80,12,,,
Evening workout 🏋️,"May 18, 2026, 8:07 PM","May 18, 2026, 8:29 PM",,Single Leg Standing Calf Raise (Machine),,,0,normal,80,12,,,
Evening workout 🏋️,"May 18, 2026, 8:07 PM","May 18, 2026, 8:29 PM",,Single Leg Standing Calf Raise (Machine),,,1,normal,90,12,,,
Afternoon workout 💪,"May 15, 2026, 4:33 PM","May 15, 2026, 5:19 PM",,Seated Row (Machine),,,0,normal,140,12,,,
Afternoon workout 💪,"May 15, 2026, 4:33 PM","May 15, 2026, 5:19 PM",,Seated Row (Machine),,,1,normal,180,10,,,
Afternoon workout 💪,"May 15, 2026, 4:33 PM","May 15, 2026, 5:19 PM",,Seated Row (Machine),,,2,normal,180,10,,,
Afternoon workout 💪,"May 15, 2026, 4:33 PM","May 15, 2026, 5:19 PM",,Bicep Curl (Dumbbell),,,0,normal,25,15,,,
Afternoon workout 💪,"May 15, 2026, 4:33 PM","May 15, 2026, 5:19 PM",,Bicep Curl (Dumbbell),,,1,normal,25,15,,,
Afternoon workout 💪,"May 15, 2026, 4:33 PM","May 15, 2026, 5:19 PM",,Bicep Curl (Dumbbell),,,2,normal,25,15,,,
Afternoon workout 💪,"May 15, 2026, 4:33 PM","May 15, 2026, 5:19 PM",,Iso-Lateral Row (Machine),,,0,normal,12,15,,,
Afternoon workout 💪,"May 15, 2026, 4:33 PM","May 15, 2026, 5:19 PM",,Iso-Lateral Row (Machine),,,1,normal,12,15,,,
Afternoon workout 💪,"May 15, 2026, 4:33 PM","May 15, 2026, 5:19 PM",,Iso-Lateral Row (Machine),,,2,normal,12,15,,,
Afternoon workout 💪,"May 15, 2026, 4:33 PM","May 15, 2026, 5:19 PM",,Hammer Curl (Cable),,,0,normal,37.5,20,,,
Afternoon workout 💪,"May 15, 2026, 4:33 PM","May 15, 2026, 5:19 PM",,Hammer Curl (Cable),,,1,normal,37.5,20,,,
Afternoon workout 💪,"May 15, 2026, 4:33 PM","May 15, 2026, 5:19 PM",,Hammer Curl (Cable),,,2,normal,37.5,20,,,
Afternoon workout 💪,"May 15, 2026, 4:33 PM","May 15, 2026, 5:19 PM",,Pinwheel Curl (Dumbbell),,,0,normal,20,12,,,
Afternoon workout 💪,"May 15, 2026, 4:33 PM","May 15, 2026, 5:19 PM",,Pinwheel Curl (Dumbbell),,,1,normal,20,12,,,
Afternoon workout 💪,"May 15, 2026, 4:33 PM","May 15, 2026, 5:19 PM",,Bicep Curl (Barbell),,,0,normal,50,15,,,
Afternoon workout 💪,"May 14, 2026, 5:31 PM","May 14, 2026, 6:11 PM",,Incline Bench Press (Barbell),,,0,normal,135,6,,,
Afternoon workout 💪,"May 14, 2026, 5:31 PM","May 14, 2026, 6:11 PM",,Incline Bench Press (Barbell),,,1,normal,145,5,,,
Afternoon workout 💪,"May 14, 2026, 5:31 PM","May 14, 2026, 6:11 PM",,Incline Bench Press (Barbell),,,2,normal,145,5,,,
Afternoon workout 💪,"May 14, 2026, 5:31 PM","May 14, 2026, 6:11 PM",,Bench Press (Barbell),,,0,normal,135,6,,,
Afternoon workout 💪,"May 14, 2026, 5:31 PM","May 14, 2026, 6:11 PM",,Bench Press (Barbell),,,1,normal,155,5,,,
Afternoon workout 💪,"May 14, 2026, 5:31 PM","May 14, 2026, 6:11 PM",,Bench Press (Barbell),,,2,normal,155,6,,,
Afternoon workout 💪,"May 14, 2026, 5:31 PM","May 14, 2026, 6:11 PM",,Butterfly (Pec Deck),,,0,normal,125,12,,,
Afternoon workout 💪,"May 14, 2026, 5:31 PM","May 14, 2026, 6:11 PM",,Butterfly (Pec Deck),,,1,normal,130,12,,,
Afternoon workout 💪,"May 14, 2026, 5:31 PM","May 14, 2026, 6:11 PM",,Butterfly (Pec Deck),,,2,normal,130,12,,,
Afternoon workout 💪,"May 14, 2026, 5:31 PM","May 14, 2026, 6:11 PM",,Incline Bench Press (Dumbbell),,Chest already fatigued,0,normal,40,10,,,
Afternoon workout 💪,"May 14, 2026, 5:31 PM","May 14, 2026, 6:11 PM",,Incline Bench Press (Dumbbell),,Chest already fatigued,1,normal,40,10,,,
Afternoon workout 💪,"May 14, 2026, 5:31 PM","May 14, 2026, 6:11 PM",,Triceps Pushdown,,,0,normal,42.5,40,,,
Afternoon workout 💪,"May 14, 2026, 5:31 PM","May 14, 2026, 6:11 PM",,Triceps Pushdown,,,1,normal,50,12,,,
Afternoon workout 💪,"May 14, 2026, 5:31 PM","May 14, 2026, 6:11 PM",,Triceps Pushdown,,,2,normal,47.5,20,,,
Afternoon workout 💪,"May 14, 2026, 5:31 PM","May 14, 2026, 6:11 PM",,Triceps Pushdown,,,3,normal,42.5,12,,,
Afternoon workout 💪,"May 6, 2026, 5:19 PM","May 6, 2026, 5:55 PM",,Iso-Lateral Row (Machine),,,0,normal,11,17,,,
Afternoon workout 💪,"May 6, 2026, 5:19 PM","May 6, 2026, 5:55 PM",,Iso-Lateral Row (Machine),,,1,normal,12,15,,,
Afternoon workout 💪,"May 6, 2026, 5:19 PM","May 6, 2026, 5:55 PM",,Iso-Lateral Row (Machine),,,2,normal,12,15,,,
Afternoon workout 💪,"May 6, 2026, 5:19 PM","May 6, 2026, 5:55 PM",,Lateral Raise (Dumbbell),,,0,normal,15,20,,,
Afternoon workout 💪,"May 6, 2026, 5:19 PM","May 6, 2026, 5:55 PM",,Lateral Raise (Dumbbell),,,1,normal,15,20,,,
Afternoon workout 💪,"May 6, 2026, 5:19 PM","May 6, 2026, 5:55 PM",,Decline Crunch,,,0,normal,,25,,,
Afternoon workout 💪,"May 6, 2026, 5:19 PM","May 6, 2026, 5:55 PM",,Decline Crunch,,,1,normal,,25,,,
Afternoon workout 💪,"May 6, 2026, 5:19 PM","May 6, 2026, 5:55 PM",,Bicep Curl (Dumbbell),,,0,normal,25,15,,,
Afternoon workout 💪,"May 6, 2026, 5:19 PM","May 6, 2026, 5:55 PM",,Bicep Curl (Dumbbell),,,1,normal,25,15,,,
Afternoon workout 💪,"May 6, 2026, 5:19 PM","May 6, 2026, 5:55 PM",,Bicep Curl (Dumbbell),,,2,normal,25,15,,,
Afternoon workout 💪,"May 6, 2026, 5:19 PM","May 6, 2026, 5:55 PM",,Hammer Curl (Dumbbell),,,0,normal,20,15,,,
Afternoon workout 💪,"May 6, 2026, 5:19 PM","May 6, 2026, 5:55 PM",,Front Raise (Dumbbell),,,0,normal,15,12,,,
Afternoon workout 💪,"May 6, 2026, 5:19 PM","May 6, 2026, 5:55 PM",,Bicep Curl (Barbell),,,0,normal,50,15,,,
Evening workout 🏋️,"May 5, 2026, 7:31 PM","May 5, 2026, 7:57 PM",,Bench Press (Barbell),,,0,normal,135,6,,,
Evening workout 🏋️,"May 5, 2026, 7:31 PM","May 5, 2026, 7:57 PM",,Bench Press (Barbell),,,1,normal,175,5,,,
Evening workout 🏋️,"May 5, 2026, 7:31 PM","May 5, 2026, 7:57 PM",,Bench Press (Barbell),,,2,normal,175,5,,,
Evening workout 🏋️,"May 5, 2026, 7:31 PM","May 5, 2026, 7:57 PM",,Butterfly (Pec Deck),,,0,normal,125,12,,,
Evening workout 🏋️,"May 5, 2026, 7:31 PM","May 5, 2026, 7:57 PM",,Butterfly (Pec Deck),,,1,normal,125,12,,,
Evening workout 🏋️,"May 5, 2026, 7:31 PM","May 5, 2026, 7:57 PM",,Incline Bench Press (Barbell),,,0,normal,135,6,,,
Evening workout 🏋️,"May 5, 2026, 7:31 PM","May 5, 2026, 7:57 PM",,Incline Bench Press (Barbell),,,1,normal,135,6,,,
Evening workout 🏋️,"May 5, 2026, 7:31 PM","May 5, 2026, 7:57 PM",,Decline Crunch,,,0,normal,,20,,,
Evening workout 🏋️,"May 5, 2026, 7:31 PM","May 5, 2026, 7:57 PM",,Decline Crunch,,,1,normal,,20,,,
Evening workout 🏋️,"May 5, 2026, 7:31 PM","May 5, 2026, 7:57 PM",,Incline Bench Press (Dumbbell),,,0,normal,40,12,,,
Evening workout 🏋️,"May 5, 2026, 7:31 PM","May 5, 2026, 7:57 PM",,Incline Bench Press (Dumbbell),,,1,normal,40,12,,,
Evening workout 🏋️,"May 5, 2026, 7:31 PM","May 5, 2026, 7:57 PM",,Bicep Curl (Dumbbell),,,0,normal,25,15,,,
Afternoon workout 💪,"May 2, 2026, 12:42 PM","May 2, 2026, 1:13 PM",,Iso-Lateral Row (Machine),,,0,normal,10,15,,,
Afternoon workout 💪,"May 2, 2026, 12:42 PM","May 2, 2026, 1:13 PM",,Iso-Lateral Row (Machine),,,1,normal,11,15,,,
Afternoon workout 💪,"May 2, 2026, 12:42 PM","May 2, 2026, 1:13 PM",,Iso-Lateral Row (Machine),,,2,normal,11,15,,,
Afternoon workout 💪,"May 2, 2026, 12:42 PM","May 2, 2026, 1:13 PM",,Face Pull,,,0,normal,42.5,15,,,
Afternoon workout 💪,"May 2, 2026, 12:42 PM","May 2, 2026, 1:13 PM",,Face Pull,,,1,normal,42.5,15,,,
Afternoon workout 💪,"May 2, 2026, 12:42 PM","May 2, 2026, 1:13 PM",,Hammer Curl (Cable),,,0,normal,37.5,20,,,
Afternoon workout 💪,"May 2, 2026, 12:42 PM","May 2, 2026, 1:13 PM",,Hammer Curl (Cable),,,1,normal,37.5,15,,,
Afternoon workout 💪,"May 2, 2026, 12:42 PM","May 2, 2026, 1:13 PM",,Bicep Curl (Dumbbell),,,0,normal,25,15,,,
Afternoon workout 💪,"May 2, 2026, 12:42 PM","May 2, 2026, 1:13 PM",,Bicep Curl (Dumbbell),,,1,normal,25,12,,,
Afternoon workout 💪,"May 2, 2026, 12:42 PM","May 2, 2026, 1:13 PM",,Lateral Raise (Dumbbell),,,0,normal,15,20,,,
Afternoon workout 💪,"May 1, 2026, 4:51 PM","May 1, 2026, 5:53 PM",,Bench Press (Barbell),,,0,normal,135,6,,,
Afternoon workout 💪,"May 1, 2026, 4:51 PM","May 1, 2026, 5:53 PM",,Bench Press (Barbell),,,1,normal,175,3,,,
Afternoon workout 💪,"May 1, 2026, 4:51 PM","May 1, 2026, 5:53 PM",,Bench Press (Barbell),,,2,normal,155,3,,,
Afternoon workout 💪,"May 1, 2026, 4:51 PM","May 1, 2026, 5:53 PM",,Bench Press (Barbell),,,3,normal,155,6,,,
Afternoon workout 💪,"May 1, 2026, 4:51 PM","May 1, 2026, 5:53 PM",,Incline Bench Press (Barbell),,,0,normal,135,6,,,
Afternoon workout 💪,"May 1, 2026, 4:51 PM","May 1, 2026, 5:53 PM",,Incline Bench Press (Barbell),,,1,normal,135,6,,,
Afternoon workout 💪,"May 1, 2026, 4:51 PM","May 1, 2026, 5:53 PM",,Incline Bench Press (Barbell),,,2,normal,135,6,,,
Afternoon workout 💪,"May 1, 2026, 4:51 PM","May 1, 2026, 5:53 PM",,Incline Bench Press (Dumbbell),,,0,normal,40,12,,,
Afternoon workout 💪,"May 1, 2026, 4:51 PM","May 1, 2026, 5:53 PM",,Incline Bench Press (Dumbbell),,,1,normal,40,12,,,
Afternoon workout 💪,"May 1, 2026, 4:51 PM","May 1, 2026, 5:53 PM",,Incline Bench Press (Dumbbell),,,2,normal,40,12,,,
Evening workout 🏋️,"Apr 30, 2026, 8:03 PM","Apr 30, 2026, 8:25 PM",,Iso-Lateral Row (Machine),,,0,normal,10,15,,,
Evening workout 🏋️,"Apr 30, 2026, 8:03 PM","Apr 30, 2026, 8:25 PM",,Iso-Lateral Row (Machine),,,1,normal,10,15,,,
Evening workout 🏋️,"Apr 30, 2026, 8:03 PM","Apr 30, 2026, 8:25 PM",,Iso-Lateral Row (Machine),,,2,normal,10,15,,,
Evening workout 🏋️,"Apr 30, 2026, 8:03 PM","Apr 30, 2026, 8:25 PM",,Bicep Curl (Dumbbell),,,0,normal,25,15,,,
Evening workout 🏋️,"Apr 30, 2026, 8:03 PM","Apr 30, 2026, 8:25 PM",,Bicep Curl (Dumbbell),,,1,normal,25,12,,,
Evening workout 🏋️,"Apr 30, 2026, 8:03 PM","Apr 30, 2026, 8:25 PM",,Bicep Curl (Dumbbell),,,2,normal,25,12,,,
Evening workout 🏋️,"Apr 30, 2026, 8:03 PM","Apr 30, 2026, 8:25 PM",,Decline Crunch,,,0,normal,,20,,,
Evening workout 🏋️,"Apr 30, 2026, 8:03 PM","Apr 30, 2026, 8:25 PM",,Decline Crunch,,,1,normal,,20,,,
Evening workout 🏋️,"Apr 30, 2026, 8:03 PM","Apr 30, 2026, 8:25 PM",,Lateral Raise (Dumbbell),,,0,normal,15,20,,,
Evening workout 🏋️,"Apr 30, 2026, 8:03 PM","Apr 30, 2026, 8:25 PM",,Lateral Raise (Dumbbell),,,1,normal,15,20,,,
Evening workout 🏋️,"Apr 28, 2026, 8:21 PM","Apr 28, 2026, 8:48 PM",,Bench Press (Barbell),,,0,normal,135,6,,,
Evening workout 🏋️,"Apr 28, 2026, 8:21 PM","Apr 28, 2026, 8:48 PM",,Bench Press (Barbell),,,1,normal,185,2,,,
Evening workout 🏋️,"Apr 28, 2026, 8:21 PM","Apr 28, 2026, 8:48 PM",,Bench Press (Barbell),,,2,normal,175,3,,,
Evening workout 🏋️,"Apr 28, 2026, 8:21 PM","Apr 28, 2026, 8:48 PM",,Bench Press (Barbell),,,3,normal,175,5,,,
Evening workout 🏋️,"Apr 28, 2026, 8:21 PM","Apr 28, 2026, 8:48 PM",,Incline Bench Press (Barbell),,,0,normal,135,5,,,
Evening workout 🏋️,"Apr 28, 2026, 8:21 PM","Apr 28, 2026, 8:48 PM",,Incline Bench Press (Barbell),,,1,normal,135,5,,,
Evening workout 🏋️,"Apr 28, 2026, 8:21 PM","Apr 28, 2026, 8:48 PM",,Incline Bench Press (Barbell),,,2,normal,135,5,,,
Evening workout 🏋️,"Apr 28, 2026, 8:21 PM","Apr 28, 2026, 8:48 PM",,Decline Crunch,,,0,normal,,15,,,
Evening workout 🏋️,"Apr 28, 2026, 8:21 PM","Apr 28, 2026, 8:48 PM",,Decline Crunch,,,1,normal,,15,,,
Evening workout 🏋️,"Apr 28, 2026, 8:21 PM","Apr 28, 2026, 8:48 PM",,Lateral Raise (Dumbbell),,,0,normal,15,15,,,
Evening workout 🏋️,"Apr 28, 2026, 8:21 PM","Apr 28, 2026, 8:48 PM",,Lateral Raise (Dumbbell),,,1,normal,15,15,,,
Evening workout 🏋️,"Apr 28, 2026, 8:21 PM","Apr 28, 2026, 8:48 PM",,Bicep Curl (Dumbbell),,,0,normal,25,15,,,
Evening workout 🏋️,"Apr 28, 2026, 8:21 PM","Apr 28, 2026, 8:48 PM",,Behind the Back Wrist Curl (Barbell),,,0,normal,15,12,,,
Evening workout 🏋️,"Apr 28, 2026, 8:21 PM","Apr 28, 2026, 8:48 PM",,Behind the Back Wrist Curl (Barbell),,,1,normal,15,12,,,
Evening workout 🏋️,"Apr 27, 2026, 8:35 PM","Apr 27, 2026, 9:06 PM",,Seated Palms Up Wrist Curl,,,0,normal,20,12,,,
Evening workout 🏋️,"Apr 27, 2026, 8:35 PM","Apr 27, 2026, 9:06 PM",,Seated Palms Up Wrist Curl,,,1,normal,20,15,,,
Evening workout 🏋️,"Apr 27, 2026, 8:35 PM","Apr 27, 2026, 9:06 PM",,Seated Row (Machine),,,0,normal,140,12,,,
Evening workout 🏋️,"Apr 27, 2026, 8:35 PM","Apr 27, 2026, 9:06 PM",,Seated Row (Machine),,,1,normal,180,9,,,
Evening workout 🏋️,"Apr 27, 2026, 8:35 PM","Apr 27, 2026, 9:06 PM",,Seated Row (Machine),,,2,normal,180,9,,,
Evening workout 🏋️,"Apr 27, 2026, 8:35 PM","Apr 27, 2026, 9:06 PM",,Bicep Curl (Dumbbell),,,0,normal,25,15,,,
Evening workout 🏋️,"Apr 27, 2026, 8:35 PM","Apr 27, 2026, 9:06 PM",,Bicep Curl (Dumbbell),,,1,normal,25,12,,,
Evening workout 🏋️,"Apr 27, 2026, 8:35 PM","Apr 27, 2026, 9:06 PM",,Bicep Curl (Dumbbell),,,2,normal,25,12,,,
Evening workout 🏋️,"Apr 27, 2026, 8:35 PM","Apr 27, 2026, 9:06 PM",,Face Pull,,,0,normal,42.5,15,,,
Evening workout 🏋️,"Apr 27, 2026, 8:35 PM","Apr 27, 2026, 9:06 PM",,Face Pull,,,1,normal,42.5,15,,,
Evening workout 🏋️,"Apr 27, 2026, 8:35 PM","Apr 27, 2026, 9:06 PM",,Iso-Lateral Row (Machine),,,0,normal,8,12,,,
Evening workout 🏋️,"Apr 27, 2026, 8:35 PM","Apr 27, 2026, 9:06 PM",,Iso-Lateral Row (Machine),,,1,normal,9,12,,,
Evening workout 🏋️,"Apr 27, 2026, 8:35 PM","Apr 27, 2026, 9:06 PM",,Iso-Lateral Row (Machine),,,2,normal,9,12,,,
Evening workout 🏋️,"Apr 27, 2026, 8:35 PM","Apr 27, 2026, 9:06 PM",,Hammer Curl (Cable),,,0,normal,37.5,15,,,
Evening workout 🏋️,"Apr 27, 2026, 8:35 PM","Apr 27, 2026, 9:06 PM",,Hammer Curl (Cable),,,1,normal,37.5,15,,,
Afternoon workout 💪,"Apr 25, 2026, 6:10 PM","Apr 25, 2026, 6:47 PM",,Bench Press (Barbell),,,0,normal,135,6,,,
Afternoon workout 💪,"Apr 25, 2026, 6:10 PM","Apr 25, 2026, 6:47 PM",,Bench Press (Barbell),,,1,normal,185,2,,,
Afternoon workout 💪,"Apr 25, 2026, 6:10 PM","Apr 25, 2026, 6:47 PM",,Bench Press (Barbell),,,2,normal,175,3,,,
Afternoon workout 💪,"Apr 25, 2026, 6:10 PM","Apr 25, 2026, 6:47 PM",,Bench Press (Barbell),,,3,normal,175,5,,,
Afternoon workout 💪,"Apr 25, 2026, 6:10 PM","Apr 25, 2026, 6:47 PM",,Incline Bench Press (Barbell),,,0,normal,135,6,,,
Afternoon workout 💪,"Apr 25, 2026, 6:10 PM","Apr 25, 2026, 6:47 PM",,Incline Bench Press (Barbell),,,1,normal,135,6,,,
Afternoon workout 💪,"Apr 25, 2026, 6:10 PM","Apr 25, 2026, 6:47 PM",,Incline Bench Press (Barbell),,,2,normal,135,5,,,
Afternoon workout 💪,"Apr 25, 2026, 6:10 PM","Apr 25, 2026, 6:47 PM",,Triceps Extension (Barbell),,,0,normal,30,12,,,
Afternoon workout 💪,"Apr 25, 2026, 6:10 PM","Apr 25, 2026, 6:47 PM",,Triceps Extension (Barbell),,,1,normal,30,12,,,
Afternoon workout 💪,"Apr 25, 2026, 6:10 PM","Apr 25, 2026, 6:47 PM",,Triceps Pushdown,,,0,normal,42.5,40,,,
Afternoon workout 💪,"Apr 25, 2026, 6:10 PM","Apr 25, 2026, 6:47 PM",,Triceps Pushdown,,,1,normal,50,12,,,
Afternoon workout 💪,"Apr 25, 2026, 6:10 PM","Apr 25, 2026, 6:47 PM",,Lateral Raise (Dumbbell),,,0,normal,15,15,,,
Evening workout 🏋️,"Apr 22, 2026, 8:21 PM","Apr 22, 2026, 8:44 PM",,Seated Row (Machine),,,0,normal,140,12,,,
Evening workout 🏋️,"Apr 22, 2026, 8:21 PM","Apr 22, 2026, 8:44 PM",,Seated Row (Machine),,,1,normal,175,12,,,
Evening workout 🏋️,"Apr 22, 2026, 8:21 PM","Apr 22, 2026, 8:44 PM",,Seated Row (Machine),,,2,normal,175,12,,,
Evening workout 🏋️,"Apr 22, 2026, 8:21 PM","Apr 22, 2026, 8:44 PM",,Bicep Curl (Barbell),,,0,normal,50,15,,,
Evening workout 🏋️,"Apr 22, 2026, 8:21 PM","Apr 22, 2026, 8:44 PM",,Bicep Curl (Barbell),,,1,normal,50,15,,,
Evening workout 🏋️,"Apr 22, 2026, 8:21 PM","Apr 22, 2026, 8:44 PM",,Bicep Curl (Dumbbell),,,0,normal,20,20,,,
Evening workout 🏋️,"Apr 22, 2026, 8:21 PM","Apr 22, 2026, 8:44 PM",,Bicep Curl (Dumbbell),,,1,normal,20,20,,,
Evening workout 🏋️,"Apr 22, 2026, 8:21 PM","Apr 22, 2026, 8:44 PM",,Bicep Curl (Dumbbell),,,2,normal,20,20,,,
Evening workout 🏋️,"Apr 22, 2026, 8:21 PM","Apr 22, 2026, 8:44 PM",,Face Pull,,,0,normal,37.5,20,,,
Evening workout 🏋️,"Apr 22, 2026, 8:21 PM","Apr 22, 2026, 8:44 PM",,Face Pull,,,1,normal,37.5,20,,,
Evening workout 🏋️,"Apr 22, 2026, 8:21 PM","Apr 22, 2026, 8:44 PM",,Hammer Curl (Cable),,,0,normal,37.5,20,,,
Evening workout 🏋️,"Apr 22, 2026, 8:21 PM","Apr 22, 2026, 8:44 PM",,Hammer Curl (Cable),,,1,normal,37.5,20,,,
Evening workout 🏋️,"Apr 20, 2026, 8:13 PM","Apr 20, 2026, 8:43 PM",,Bench Press (Barbell),,,0,normal,135,6,,,
Evening workout 🏋️,"Apr 20, 2026, 8:13 PM","Apr 20, 2026, 8:43 PM",,Bench Press (Barbell),,,1,normal,175,5,,,
Evening workout 🏋️,"Apr 20, 2026, 8:13 PM","Apr 20, 2026, 8:43 PM",,Bench Press (Barbell),,,2,normal,160,6,,,
Evening workout 🏋️,"Apr 20, 2026, 8:13 PM","Apr 20, 2026, 8:43 PM",,Incline Bench Press (Barbell),,This set was right agyer bench,0,normal,135,5,,,
Evening workout 🏋️,"Apr 20, 2026, 8:13 PM","Apr 20, 2026, 8:43 PM",,Incline Bench Press (Barbell),,This set was right agyer bench,1,normal,135,5,,,
Evening workout 🏋️,"Apr 20, 2026, 8:13 PM","Apr 20, 2026, 8:43 PM",,Incline Bench Press (Barbell),,This set was right agyer bench,2,normal,135,5,,,
Evening workout 🏋️,"Apr 20, 2026, 8:13 PM","Apr 20, 2026, 8:43 PM",,Bicep Curl (Dumbbell),,,0,normal,20,20,,,
Evening workout 🏋️,"Apr 20, 2026, 8:13 PM","Apr 20, 2026, 8:43 PM",,Bicep Curl (Dumbbell),,,1,normal,20,20,,,
Evening workout 🏋️,"Apr 20, 2026, 8:13 PM","Apr 20, 2026, 8:43 PM",,Triceps Pushdown,,,0,normal,42.5,40,,,
Evening workout 🏋️,"Apr 20, 2026, 8:13 PM","Apr 20, 2026, 8:43 PM",,Triceps Extension (Barbell),,,0,normal,30,12,,,
Evening workout 🏋️,"Apr 20, 2026, 8:13 PM","Apr 20, 2026, 8:43 PM",,Triceps Extension (Barbell),,,1,normal,30,12,,,
Evening workout 🏋️,"Apr 20, 2026, 8:13 PM","Apr 20, 2026, 8:43 PM",,Triceps Dip,,,0,normal,,8,,,
Afternoon workout 💪,"Apr 19, 2026, 1:22 PM","Apr 19, 2026, 1:41 PM",,Leg Extension (Machine),,,0,normal,95,12,,,
Afternoon workout 💪,"Apr 19, 2026, 1:22 PM","Apr 19, 2026, 1:41 PM",,Leg Extension (Machine),,,1,normal,95,12,,,
Afternoon workout 💪,"Apr 19, 2026, 1:22 PM","Apr 19, 2026, 1:41 PM",,Leg Extension (Machine),,,2,normal,95,13,,,
Afternoon workout 💪,"Apr 19, 2026, 1:22 PM","Apr 19, 2026, 1:41 PM",,Seated Leg Curl (Machine),,,0,normal,85,13,,,
Afternoon workout 💪,"Apr 19, 2026, 1:22 PM","Apr 19, 2026, 1:41 PM",,Seated Leg Curl (Machine),,,1,normal,85,13,,,
Afternoon workout 💪,"Apr 19, 2026, 1:22 PM","Apr 19, 2026, 1:41 PM",,Bicep Curl (Dumbbell),,,0,normal,20,20,,,
Afternoon workout 💪,"Apr 19, 2026, 1:22 PM","Apr 19, 2026, 1:41 PM",,Box Jump,,,0,normal,,12,,,
Afternoon workout 💪,"Apr 19, 2026, 1:22 PM","Apr 19, 2026, 1:41 PM",,Box Jump,,,1,normal,,12,,,
Afternoon workout 💪,"Apr 19, 2026, 1:22 PM","Apr 19, 2026, 1:41 PM",,Lunge (Dumbbell),,,0,normal,30,8,,,
Afternoon workout 💪,"Apr 19, 2026, 1:22 PM","Apr 19, 2026, 1:41 PM",,Lunge (Dumbbell),,,1,normal,30,8,,,
Afternoon workout 💪,"Apr 18, 2026, 5:57 PM","Apr 18, 2026, 6:25 PM",,Bicep Curl (Dumbbell),,,0,normal,20,20,,,
Afternoon workout 💪,"Apr 18, 2026, 5:57 PM","Apr 18, 2026, 6:25 PM",,Bicep Curl (Dumbbell),,,1,normal,20,20,,,
Afternoon workout 💪,"Apr 18, 2026, 5:57 PM","Apr 18, 2026, 6:25 PM",,Bicep Curl (Dumbbell),,,2,normal,20,20,,,
Afternoon workout 💪,"Apr 18, 2026, 5:57 PM","Apr 18, 2026, 6:25 PM",,Seated Row (Machine),,,0,normal,140,12,,,
Afternoon workout 💪,"Apr 18, 2026, 5:57 PM","Apr 18, 2026, 6:25 PM",,Crunch (Machine),,,0,normal,10,40,,,
Afternoon workout 💪,"Apr 18, 2026, 5:57 PM","Apr 18, 2026, 6:25 PM",,Seated Palms Up Wrist Curl,,,0,normal,15,20,,,
Afternoon workout 💪,"Apr 18, 2026, 5:57 PM","Apr 18, 2026, 6:25 PM",,Seated Palms Up Wrist Curl,,,1,normal,15,20,,,
Afternoon workout 💪,"Apr 18, 2026, 5:57 PM","Apr 18, 2026, 6:25 PM",,Lateral Raise (Dumbbell),,,0,normal,15,15,,,
Afternoon workout 💪,"Apr 18, 2026, 5:57 PM","Apr 18, 2026, 6:25 PM",,Lateral Raise (Dumbbell),,,1,normal,15,15,,,
Afternoon workout 💪,"Apr 18, 2026, 5:57 PM","Apr 18, 2026, 6:25 PM",,Hammer Curl (Cable),,,0,normal,37.5,20,,,
Afternoon workout 💪,"Apr 18, 2026, 5:57 PM","Apr 18, 2026, 6:25 PM",,Hammer Curl (Cable),,,1,normal,37.5,20,,,
Afternoon workout 💪,"Apr 18, 2026, 5:57 PM","Apr 18, 2026, 6:25 PM",,Triceps Pushdown,,,0,normal,42.5,40,,,
Afternoon workout 💪,"Apr 18, 2026, 5:57 PM","Apr 18, 2026, 6:25 PM",,Triceps Pushdown,,,1,normal,42.5,30,,,
Evening workout 🏋️,"Apr 17, 2026, 7:46 PM","Apr 17, 2026, 8:11 PM",,Incline Bench Press (Barbell),,,0,normal,135,5,,,
Evening workout 🏋️,"Apr 17, 2026, 7:46 PM","Apr 17, 2026, 8:11 PM",,Incline Bench Press (Barbell),,,1,normal,155,3,,,
Evening workout 🏋️,"Apr 17, 2026, 7:46 PM","Apr 17, 2026, 8:11 PM",,Incline Bench Press (Barbell),,,2,normal,150,2,,,
Evening workout 🏋️,"Apr 17, 2026, 7:46 PM","Apr 17, 2026, 8:11 PM",,Bicep Curl (Dumbbell),,,0,normal,20,20,,,
Evening workout 🏋️,"Apr 17, 2026, 7:46 PM","Apr 17, 2026, 8:11 PM",,Bicep Curl (Dumbbell),,,1,normal,20,20,,,
Evening workout 🏋️,"Apr 17, 2026, 7:46 PM","Apr 17, 2026, 8:11 PM",,Bicep Curl (Dumbbell),,,2,normal,20,20,,,
Evening workout 🏋️,"Apr 17, 2026, 7:46 PM","Apr 17, 2026, 8:11 PM",,Decline Crunch,,,0,normal,,15,,,
Evening workout 🏋️,"Apr 17, 2026, 7:46 PM","Apr 17, 2026, 8:11 PM",,Decline Crunch (Weighted),,,0,normal,25,12,,,
Evening workout 🏋️,"Apr 17, 2026, 7:46 PM","Apr 17, 2026, 8:11 PM",,Lateral Raise (Dumbbell),0,,0,normal,15,12,,,
Evening workout 🏋️,"Apr 17, 2026, 7:46 PM","Apr 17, 2026, 8:11 PM",,Front Raise (Dumbbell),0,,0,normal,15,10,,,
Evening workout 🏋️,"Apr 13, 2026, 8:51 PM","Apr 13, 2026, 9:20 PM",,Incline Bench Press (Barbell),,,0,normal,135,5,,,
Evening workout 🏋️,"Apr 13, 2026, 8:51 PM","Apr 13, 2026, 9:20 PM",,Incline Bench Press (Barbell),,,1,normal,155,5,,,
Evening workout 🏋️,"Apr 13, 2026, 8:51 PM","Apr 13, 2026, 9:20 PM",,Incline Bench Press (Barbell),,,2,normal,155,7,,,
Evening workout 🏋️,"Apr 13, 2026, 8:51 PM","Apr 13, 2026, 9:20 PM",,Bicep Curl (Dumbbell),,,0,normal,20,20,,,
Evening workout 🏋️,"Apr 13, 2026, 8:51 PM","Apr 13, 2026, 9:20 PM",,Bicep Curl (Dumbbell),,,1,normal,20,20,,,
Evening workout 🏋️,"Apr 13, 2026, 8:51 PM","Apr 13, 2026, 9:20 PM",,Bicep Curl (Dumbbell),,,2,normal,20,20,,,
Evening workout 🏋️,"Apr 13, 2026, 8:51 PM","Apr 13, 2026, 9:20 PM",,Bicep Curl (Dumbbell),,,3,normal,20,12,,,
Evening workout 🏋️,"Apr 13, 2026, 8:51 PM","Apr 13, 2026, 9:20 PM",,Leg Raise Parallel Bars,,,0,normal,,12,,,
Evening workout 🏋️,"Apr 13, 2026, 8:51 PM","Apr 13, 2026, 9:20 PM",,Leg Raise Parallel Bars,,,1,normal,,12,,,
Evening workout 🏋️,"Apr 13, 2026, 8:51 PM","Apr 13, 2026, 9:20 PM",,Seated Row (Machine),,,0,normal,140,12,,,
Evening workout 🏋️,"Apr 13, 2026, 8:51 PM","Apr 13, 2026, 9:20 PM",,Seated Row (Machine),,,1,normal,175,12,,,
Evening workout 🏋️,"Apr 13, 2026, 8:51 PM","Apr 13, 2026, 9:20 PM",,Seated Row (Machine),,,2,normal,175,12,,,
Afternoon workout 💪,"Apr 12, 2026, 3:01 PM","Apr 12, 2026, 3:15 PM",,Decline Crunch,,,0,normal,,15,,,
Afternoon workout 💪,"Apr 12, 2026, 3:01 PM","Apr 12, 2026, 3:15 PM",,Decline Crunch,,,1,normal,,15,,,
Afternoon workout 💪,"Apr 12, 2026, 3:01 PM","Apr 12, 2026, 3:15 PM",,Bicep Curl (Dumbbell),,,0,normal,20,20,,,
Afternoon workout 💪,"Apr 12, 2026, 3:01 PM","Apr 12, 2026, 3:15 PM",,Bicep Curl (Dumbbell),,,1,normal,20,20,,,
Afternoon workout 💪,"Apr 12, 2026, 3:01 PM","Apr 12, 2026, 3:15 PM",,Bicep Curl (Dumbbell),,,2,normal,20,20,,,
Afternoon workout 💪,"Apr 12, 2026, 3:01 PM","Apr 12, 2026, 3:15 PM",,Bicep Curl (Dumbbell),,,3,normal,20,12,,,
Afternoon workout 💪,"Apr 12, 2026, 3:01 PM","Apr 12, 2026, 3:15 PM",,Crunch (Machine),,,0,normal,10,40,,,
Afternoon workout 💪,"Apr 12, 2026, 3:01 PM","Apr 12, 2026, 3:15 PM",,Triceps Pushdown,,,0,normal,42.5,40,,,
Afternoon workout 💪,"Apr 12, 2026, 3:01 PM","Apr 12, 2026, 3:15 PM",,Triceps Pushdown,,,1,normal,42.5,20,,,
Evening workout 🏋️,"Apr 8, 2026, 6:59 PM","Apr 8, 2026, 7:27 PM",,Butterfly (Pec Deck),,,0,normal,120,12,,,
Evening workout 🏋️,"Apr 8, 2026, 6:59 PM","Apr 8, 2026, 7:27 PM",,Butterfly (Pec Deck),,,1,normal,120,12,,,
Evening workout 🏋️,"Apr 8, 2026, 6:59 PM","Apr 8, 2026, 7:27 PM",,Butterfly (Pec Deck),,,2,normal,120,12,,,
Evening workout 🏋️,"Apr 8, 2026, 6:59 PM","Apr 8, 2026, 7:27 PM",,Bicep Curl (Dumbbell),,Last set isometric hold but counted as a working set,0,normal,20,20,,,
Evening workout 🏋️,"Apr 8, 2026, 6:59 PM","Apr 8, 2026, 7:27 PM",,Bicep Curl (Dumbbell),,Last set isometric hold but counted as a working set,1,normal,20,17,,,
Evening workout 🏋️,"Apr 8, 2026, 6:59 PM","Apr 8, 2026, 7:27 PM",,Bicep Curl (Dumbbell),,Last set isometric hold but counted as a working set,2,normal,20,17,,,
Evening workout 🏋️,"Apr 8, 2026, 6:59 PM","Apr 8, 2026, 7:27 PM",,Decline Crunch,,,0,normal,,15,,,
Evening workout 🏋️,"Apr 8, 2026, 6:59 PM","Apr 8, 2026, 7:27 PM",,Decline Crunch,,,1,normal,,15,,,
Evening workout 🏋️,"Apr 8, 2026, 6:59 PM","Apr 8, 2026, 7:27 PM",,Front Raise (Dumbbell),0,,0,normal,15,10,,,
Evening workout 🏋️,"Apr 8, 2026, 6:59 PM","Apr 8, 2026, 7:27 PM",,Front Raise (Dumbbell),0,,1,normal,15,10,,,
Evening workout 🏋️,"Apr 8, 2026, 6:59 PM","Apr 8, 2026, 7:27 PM",,Lateral Raise (Dumbbell),0,,0,normal,15,10,,,
Evening workout 🏋️,"Apr 8, 2026, 6:59 PM","Apr 8, 2026, 7:27 PM",,Lateral Raise (Dumbbell),0,,1,normal,15,10,,,
Evening workout 🏋️,"Apr 8, 2026, 6:59 PM","Apr 8, 2026, 7:27 PM",,Crunch (Machine),,,0,normal,10,40,,,
Evening workout 🏋️,"Apr 8, 2026, 6:59 PM","Apr 8, 2026, 7:27 PM",,Incline Chest Fly (Dumbbell),,,0,normal,20,8,,,
Evening workout 🏋️,"Apr 8, 2026, 6:59 PM","Apr 8, 2026, 7:27 PM",,Incline Chest Fly (Dumbbell),,,1,normal,20,8,,,
Evening workout 🏋️,"Apr 8, 2026, 6:59 PM","Apr 8, 2026, 7:27 PM",,Seated Incline Curl (Dumbbell),,,0,normal,20,15,,,
Evening workout 🏋️,"Apr 8, 2026, 6:59 PM","Apr 8, 2026, 7:27 PM",,Incline Bench Press (Dumbbell),,,0,normal,40,12,,,
Evening workout 🏋️,"Apr 7, 2026, 7:09 PM","Apr 7, 2026, 7:39 PM",,Seated Row (Machine),,,0,normal,140,12,,,
Evening workout 🏋️,"Apr 7, 2026, 7:09 PM","Apr 7, 2026, 7:39 PM",,Seated Row (Machine),,,1,normal,175,10,,,
Evening workout 🏋️,"Apr 7, 2026, 7:09 PM","Apr 7, 2026, 7:39 PM",,Seated Row (Machine),,,2,normal,170,10,,,
Evening workout 🏋️,"Apr 7, 2026, 7:09 PM","Apr 7, 2026, 7:39 PM",,Bicep Curl (Dumbbell),,,0,normal,20,20,,,
Evening workout 🏋️,"Apr 7, 2026, 7:09 PM","Apr 7, 2026, 7:39 PM",,Bicep Curl (Dumbbell),,,1,normal,20,17,,,
Evening workout 🏋️,"Apr 7, 2026, 7:09 PM","Apr 7, 2026, 7:39 PM",,Lateral Raise (Dumbbell),,,0,normal,15,15,,,
Evening workout 🏋️,"Apr 7, 2026, 7:09 PM","Apr 7, 2026, 7:39 PM",,Lateral Raise (Dumbbell),,,1,normal,15,15,,,
Evening workout 🏋️,"Apr 7, 2026, 7:09 PM","Apr 7, 2026, 7:39 PM",,Leg Raise Parallel Bars,,,0,normal,,12,,,
Evening workout 🏋️,"Apr 7, 2026, 7:09 PM","Apr 7, 2026, 7:39 PM",,Ab Wheel,,,0,normal,,12,,,
Evening workout 🏋️,"Apr 7, 2026, 7:09 PM","Apr 7, 2026, 7:39 PM",,Ab Wheel,,,1,normal,,8,,,
Evening workout 🏋️,"Apr 7, 2026, 7:09 PM","Apr 7, 2026, 7:39 PM",,Lunge (Dumbbell),,,0,normal,30,8,,,
Evening workout 🏋️,"Apr 7, 2026, 7:09 PM","Apr 7, 2026, 7:39 PM",,Box Jump,,Held 5lb in each hand,0,normal,,12,,,
Evening workout 🏋️,"Apr 7, 2026, 7:09 PM","Apr 7, 2026, 7:39 PM",,Plank,,,0,normal,,,,63,
Evening workout 🏋️,"Apr 7, 2026, 7:09 PM","Apr 7, 2026, 7:39 PM",,Lying Leg Raise,,Up lut together down,0,normal,,6,,,
Evening workout 🏋️,"Apr 7, 2026, 7:09 PM","Apr 7, 2026, 7:39 PM",,Lying Leg Raise,,Up lut together down,1,normal,,6,,,
Evening workout 🏋️,"Apr 7, 2026, 7:09 PM","Apr 7, 2026, 7:39 PM",,Bicycle Crunch,,,0,normal,,15,,,
Evening workout 🏋️,"Apr 7, 2026, 7:09 PM","Apr 7, 2026, 7:39 PM",,Bicycle Crunch,,,1,normal,,15,,,
Evening workout 🏋️,"Apr 6, 2026, 8:03 PM","Apr 6, 2026, 8:40 PM",,Bench Press (Barbell),,,0,normal,135,7,,,
Evening workout 🏋️,"Apr 6, 2026, 8:03 PM","Apr 6, 2026, 8:40 PM",,Bench Press (Barbell),,,1,normal,175,5,,,
Evening workout 🏋️,"Apr 6, 2026, 8:03 PM","Apr 6, 2026, 8:40 PM",,Bench Press (Barbell),,,2,normal,155,6,,,
Evening workout 🏋️,"Apr 6, 2026, 8:03 PM","Apr 6, 2026, 8:40 PM",,Bicep Curl (Dumbbell),,,0,normal,20,20,,,
Evening workout 🏋️,"Apr 6, 2026, 8:03 PM","Apr 6, 2026, 8:40 PM",,Bicep Curl (Dumbbell),,,1,normal,20,17,,,
Evening workout 🏋️,"Apr 6, 2026, 8:03 PM","Apr 6, 2026, 8:40 PM",,Bicep Curl (Dumbbell),,,2,normal,20,17,,,
Evening workout 🏋️,"Apr 6, 2026, 8:03 PM","Apr 6, 2026, 8:40 PM",,Bicep Curl (Dumbbell),,,3,normal,20,12,,,
Evening workout 🏋️,"Apr 6, 2026, 8:03 PM","Apr 6, 2026, 8:40 PM",,Front Raise (Dumbbell),,,0,normal,15,12,,,
Evening workout 🏋️,"Apr 6, 2026, 8:03 PM","Apr 6, 2026, 8:40 PM",,Front Raise (Dumbbell),,,1,normal,15,12,,,
Evening workout 🏋️,"Apr 6, 2026, 8:03 PM","Apr 6, 2026, 8:40 PM",,Decline Crunch,,,0,normal,,15,,,
Evening workout 🏋️,"Apr 6, 2026, 8:03 PM","Apr 6, 2026, 8:40 PM",,Decline Crunch,,,1,normal,,15,,,
Evening workout 🏋️,"Apr 6, 2026, 8:03 PM","Apr 6, 2026, 8:40 PM",,Triceps Pushdown,,,0,normal,42.5,20,,,
Evening workout 🏋️,"Apr 6, 2026, 8:03 PM","Apr 6, 2026, 8:40 PM",,Triceps Pushdown,,,1,normal,42.5,20,,,
Evening workout 🏋️,"Apr 6, 2026, 8:03 PM","Apr 6, 2026, 8:40 PM",,Hammer Curl (Cable),,,0,normal,37.5,20,,,
Evening workout 🏋️,"Apr 6, 2026, 8:03 PM","Apr 6, 2026, 8:40 PM",,Hammer Curl (Cable),,,1,normal,35,15,,,
Evening workout 🏋️,"Apr 6, 2026, 8:03 PM","Apr 6, 2026, 8:40 PM",,Leg Raise Parallel Bars,,,0,normal,,12,,,
Evening workout 🏋️,"Apr 6, 2026, 8:03 PM","Apr 6, 2026, 8:40 PM",,Crunch (Machine),,,0,normal,10,30,,,
Afternoon workout 💪,"Apr 4, 2026, 3:46 PM","Apr 4, 2026, 4:06 PM",,Triceps Pushdown,,,0,normal,42.5,20,,,
Afternoon workout 💪,"Apr 4, 2026, 3:46 PM","Apr 4, 2026, 4:06 PM",,Triceps Pushdown,,,1,normal,42.5,20,,,
Afternoon workout 💪,"Apr 4, 2026, 3:46 PM","Apr 4, 2026, 4:06 PM",,Hammer Curl (Dumbbell),,,0,normal,20,15,,,
Afternoon workout 💪,"Apr 4, 2026, 3:46 PM","Apr 4, 2026, 4:06 PM",,Hammer Curl (Dumbbell),,,1,normal,20,15,,,
Afternoon workout 💪,"Apr 4, 2026, 3:46 PM","Apr 4, 2026, 4:06 PM",,Decline Crunch,,,0,normal,,15,,,
Afternoon workout 💪,"Apr 4, 2026, 3:46 PM","Apr 4, 2026, 4:06 PM",,Decline Crunch,,,1,normal,,15,,,
Afternoon workout 💪,"Apr 4, 2026, 3:46 PM","Apr 4, 2026, 4:06 PM",,Butterfly (Pec Deck),,,0,normal,120,12,,,
Afternoon workout 💪,"Apr 4, 2026, 3:46 PM","Apr 4, 2026, 4:06 PM",,Butterfly (Pec Deck),,,1,normal,120,12,,,
Afternoon workout 💪,"Apr 4, 2026, 3:46 PM","Apr 4, 2026, 4:06 PM",,Bicep Curl (Dumbbell),,,0,normal,20,20,,,
Afternoon workout 💪,"Apr 4, 2026, 3:46 PM","Apr 4, 2026, 4:06 PM",,Plank,,,0,normal,,,,62,
Afternoon workout 💪,"Apr 4, 2026, 3:46 PM","Apr 4, 2026, 4:06 PM",,Sit Up,,,0,normal,,12,,,
Evening workout 🏋️,"Apr 3, 2026, 7:44 PM","Apr 3, 2026, 8:23 PM",,Incline Bench Press (Barbell),,,0,normal,135,5,,,
Evening workout 🏋️,"Apr 3, 2026, 7:44 PM","Apr 3, 2026, 8:23 PM",,Incline Bench Press (Barbell),,,1,normal,135,6,,,
Evening workout 🏋️,"Apr 3, 2026, 7:44 PM","Apr 3, 2026, 8:23 PM",,Bicep Curl (Dumbbell),,,0,normal,20,20,,,
Evening workout 🏋️,"Apr 3, 2026, 7:44 PM","Apr 3, 2026, 8:23 PM",,Bicep Curl (Dumbbell),,,1,normal,25,12,,,
Evening workout 🏋️,"Apr 3, 2026, 7:44 PM","Apr 3, 2026, 8:23 PM",,Bicep Curl (Dumbbell),,,2,normal,25,10,,,
Evening workout 🏋️,"Apr 3, 2026, 7:44 PM","Apr 3, 2026, 8:23 PM",,Leg Raise Parallel Bars,,,0,normal,,12,,,
Evening workout 🏋️,"Apr 3, 2026, 7:44 PM","Apr 3, 2026, 8:23 PM",,Leg Raise Parallel Bars,,,1,normal,,12,,,
Evening workout 🏋️,"Apr 3, 2026, 7:44 PM","Apr 3, 2026, 8:23 PM",,Triceps Dip,,,0,normal,,8,,,
Evening workout 🏋️,"Apr 3, 2026, 7:44 PM","Apr 3, 2026, 8:23 PM",,Decline Crunch,,,0,normal,,15,,,
Evening workout 🏋️,"Apr 3, 2026, 7:44 PM","Apr 3, 2026, 8:23 PM",,Decline Crunch,,,1,normal,,15,,,
Evening workout 🏋️,"Apr 3, 2026, 7:44 PM","Apr 3, 2026, 8:23 PM",,Hammer Curl (Dumbbell),,,0,normal,20,12,,,
Evening workout 🏋️,"Apr 3, 2026, 7:44 PM","Apr 3, 2026, 8:23 PM",,Hammer Curl (Cable),,,0,normal,37.5,20,,,
Evening workout 🏋️,"Apr 3, 2026, 7:44 PM","Apr 3, 2026, 8:23 PM",,Hammer Curl (Cable),,,1,normal,37.5,15,,,
Evening workout 🏋️,"Apr 3, 2026, 7:44 PM","Apr 3, 2026, 8:23 PM",,Crunch (Machine),,,0,normal,10,30,,,
Evening workout 🏋️,"Apr 3, 2026, 7:44 PM","Apr 3, 2026, 8:23 PM",,Lateral Raise (Dumbbell),,,0,normal,15,15,,,
Evening workout 🏋️,"Apr 3, 2026, 7:44 PM","Apr 3, 2026, 8:23 PM",,Lateral Raise (Cable),,,0,normal,12.5,10,,,
Evening workout 🏋️,"Apr 3, 2026, 7:44 PM","Apr 3, 2026, 8:23 PM",,Sit Up,,,0,normal,,12,,,
Evening workout 🏋️,"Apr 1, 2026, 6:19 PM","Apr 1, 2026, 7:00 PM",,Bench Press (Barbell),,,0,normal,135,7,,,
Evening workout 🏋️,"Apr 1, 2026, 6:19 PM","Apr 1, 2026, 7:00 PM",,Bench Press (Barbell),,,1,normal,175,5,,,
Evening workout 🏋️,"Apr 1, 2026, 6:19 PM","Apr 1, 2026, 7:00 PM",,Bench Press (Barbell),,,2,normal,155,6,,,
Evening workout 🏋️,"Apr 1, 2026, 6:19 PM","Apr 1, 2026, 7:00 PM",,Leg Raise Parallel Bars,,,0,normal,,12,,,
Evening workout 🏋️,"Apr 1, 2026, 6:19 PM","Apr 1, 2026, 7:00 PM",,Leg Raise Parallel Bars,,,1,normal,,12,,,
Evening workout 🏋️,"Apr 1, 2026, 6:19 PM","Apr 1, 2026, 7:00 PM",,Overhead Press (Barbell),,,0,normal,75,12,,,
Evening workout 🏋️,"Apr 1, 2026, 6:19 PM","Apr 1, 2026, 7:00 PM",,Overhead Press (Barbell),,,1,normal,75,12,,,
Evening workout 🏋️,"Apr 1, 2026, 6:19 PM","Apr 1, 2026, 7:00 PM",,Bicep Curl (Dumbbell),,,0,normal,20,20,,,
Evening workout 🏋️,"Apr 1, 2026, 6:19 PM","Apr 1, 2026, 7:00 PM",,Bicep Curl (Dumbbell),,,1,normal,20,15,,,
Evening workout 🏋️,"Apr 1, 2026, 6:19 PM","Apr 1, 2026, 7:00 PM",,Bicep Curl (Dumbbell),,,2,normal,20,15,,,
Evening workout 🏋️,"Apr 1, 2026, 6:19 PM","Apr 1, 2026, 7:00 PM",,Bicep Curl (Dumbbell),,,3,normal,20,15,,,
Evening workout 🏋️,"Apr 1, 2026, 6:19 PM","Apr 1, 2026, 7:00 PM",,Decline Crunch,,,0,normal,,12,,,
Evening workout 🏋️,"Apr 1, 2026, 6:19 PM","Apr 1, 2026, 7:00 PM",,Decline Crunch (Weighted),,,0,normal,10,10,,,
Evening workout 🏋️,"Apr 1, 2026, 6:19 PM","Apr 1, 2026, 7:00 PM",,Lateral Raise (Dumbbell),,,0,normal,15,15,,,
Evening workout 🏋️,"Apr 1, 2026, 6:19 PM","Apr 1, 2026, 7:00 PM",,Lateral Raise (Cable),,,0,normal,12.5,12,,,
Evening workout 🏋️,"Apr 1, 2026, 6:19 PM","Apr 1, 2026, 7:00 PM",,Triceps Pushdown,,,0,normal,50,12,,,
Evening workout 🏋️,"Apr 1, 2026, 6:19 PM","Apr 1, 2026, 7:00 PM",,Triceps Pushdown,,,1,normal,45,15,,,
Evening workout 🏋️,"Apr 1, 2026, 6:19 PM","Apr 1, 2026, 7:00 PM",,Crunch (Machine),,,0,normal,10,30,,,
Afternoon workout 💪,"Mar 29, 2026, 1:22 PM","Mar 29, 2026, 1:58 PM",,Seated Row (Machine),,,0,normal,140,12,,,
Afternoon workout 💪,"Mar 29, 2026, 1:22 PM","Mar 29, 2026, 1:58 PM",,Seated Row (Machine),,,1,normal,170,12,,,
Afternoon workout 💪,"Mar 29, 2026, 1:22 PM","Mar 29, 2026, 1:58 PM",,Seated Row (Machine),,,2,normal,170,12,,,
Afternoon workout 💪,"Mar 29, 2026, 1:22 PM","Mar 29, 2026, 1:58 PM",,Bicep Curl (Dumbbell),,,0,normal,20,15,,,
Afternoon workout 💪,"Mar 29, 2026, 1:22 PM","Mar 29, 2026, 1:58 PM",,Bicep Curl (Dumbbell),,,1,normal,20,15,,,
Afternoon workout 💪,"Mar 29, 2026, 1:22 PM","Mar 29, 2026, 1:58 PM",,Bicep Curl (Dumbbell),,,2,normal,20,15,,,
Afternoon workout 💪,"Mar 29, 2026, 1:22 PM","Mar 29, 2026, 1:58 PM",,Overhead Press (Barbell),,,0,normal,65,12,,,
Afternoon workout 💪,"Mar 29, 2026, 1:22 PM","Mar 29, 2026, 1:58 PM",,Overhead Press (Barbell),,,1,normal,65,12,,,
Afternoon workout 💪,"Mar 29, 2026, 1:22 PM","Mar 29, 2026, 1:58 PM",,Decline Crunch,,,0,normal,,12,,,
Afternoon workout 💪,"Mar 29, 2026, 1:22 PM","Mar 29, 2026, 1:58 PM",,Leg Raise Parallel Bars,,,0,normal,,9,,,
Afternoon workout 💪,"Mar 29, 2026, 1:22 PM","Mar 29, 2026, 1:58 PM",,Triceps Dip,,,0,normal,,8,,,
Afternoon workout 💪,"Mar 29, 2026, 1:22 PM","Mar 29, 2026, 1:58 PM",,Triceps Dip,,,1,normal,,8,,,
Afternoon workout 💪,"Mar 29, 2026, 1:22 PM","Mar 29, 2026, 1:58 PM",,Hammer Curl (Dumbbell),,,0,normal,20,12,,,
Afternoon workout 💪,"Mar 28, 2026, 6:02 PM","Mar 28, 2026, 6:28 PM",,Incline Bench Press (Barbell),,,0,normal,135,5,,,
Afternoon workout 💪,"Mar 28, 2026, 6:02 PM","Mar 28, 2026, 6:28 PM",,Incline Bench Press (Barbell),,,1,normal,155,5,,,
Afternoon workout 💪,"Mar 28, 2026, 6:02 PM","Mar 28, 2026, 6:28 PM",,Incline Bench Press (Barbell),,,2,normal,145,7,,,
Afternoon workout 💪,"Mar 28, 2026, 6:02 PM","Mar 28, 2026, 6:28 PM",,Decline Crunch,,,0,normal,,12,,,
Afternoon workout 💪,"Mar 28, 2026, 6:02 PM","Mar 28, 2026, 6:28 PM",,Crunch (Machine),,,0,normal,10,30,,,
Afternoon workout 💪,"Mar 28, 2026, 6:02 PM","Mar 28, 2026, 6:28 PM",,Decline Crunch (Weighted),,,0,normal,10,10,,,
Afternoon workout 💪,"Mar 28, 2026, 6:02 PM","Mar 28, 2026, 6:28 PM",,Leg Raise Parallel Bars,,,0,normal,,12,,,
Afternoon workout 💪,"Mar 28, 2026, 6:02 PM","Mar 28, 2026, 6:28 PM",,Leg Raise Parallel Bars,,,1,normal,,10,,,
Afternoon workout 💪,"Mar 28, 2026, 6:02 PM","Mar 28, 2026, 6:28 PM",,Bicep Curl (Dumbbell),,,0,normal,20,15,,,
Afternoon workout 💪,"Mar 28, 2026, 6:02 PM","Mar 28, 2026, 6:28 PM",,Bicep Curl (Dumbbell),,,1,normal,20,15,,,
Afternoon workout 💪,"Mar 28, 2026, 6:02 PM","Mar 28, 2026, 6:28 PM",,Lateral Raise (Dumbbell),,,0,normal,15,15,,,
Afternoon workout 💪,"Mar 28, 2026, 6:02 PM","Mar 28, 2026, 6:28 PM",,Lateral Raise (Dumbbell),,,1,normal,15,15,,,
Evening workout 🏋️,"Mar 25, 2026, 7:51 PM","Mar 25, 2026, 8:36 PM",,Incline Bench Press (Barbell),,,0,normal,135,5,,,
Evening workout 🏋️,"Mar 25, 2026, 7:51 PM","Mar 25, 2026, 8:36 PM",,Incline Bench Press (Barbell),,,1,normal,155,4,,,
Evening workout 🏋️,"Mar 25, 2026, 7:51 PM","Mar 25, 2026, 8:36 PM",,Incline Bench Press (Barbell),,,2,normal,150,6,,,
Evening workout 🏋️,"Mar 25, 2026, 7:51 PM","Mar 25, 2026, 8:36 PM",,Bicep Curl (Dumbbell),,,0,normal,20,15,,,
Evening workout 🏋️,"Mar 25, 2026, 7:51 PM","Mar 25, 2026, 8:36 PM",,Bicep Curl (Dumbbell),,,1,normal,20,15,,,
Evening workout 🏋️,"Mar 25, 2026, 7:51 PM","Mar 25, 2026, 8:36 PM",,Bicep Curl (Dumbbell),,,2,normal,20,15,,,
Evening workout 🏋️,"Mar 25, 2026, 7:51 PM","Mar 25, 2026, 8:36 PM",,Lateral Raise (Dumbbell),,,0,normal,15,15,,,
Evening workout 🏋️,"Mar 25, 2026, 7:51 PM","Mar 25, 2026, 8:36 PM",,Lateral Raise (Dumbbell),,,1,normal,15,15,,,
Evening workout 🏋️,"Mar 25, 2026, 7:51 PM","Mar 25, 2026, 8:36 PM",,Lateral Raise (Dumbbell),,,2,normal,15,15,,,
Evening workout 🏋️,"Mar 25, 2026, 7:51 PM","Mar 25, 2026, 8:36 PM",,Wrist Roller,,,0,normal,5,3,,,
Evening workout 🏋️,"Mar 25, 2026, 7:51 PM","Mar 25, 2026, 8:36 PM",,Wrist Roller,,,1,normal,5,3,,,
Evening workout 🏋️,"Mar 25, 2026, 7:51 PM","Mar 25, 2026, 8:36 PM",,Decline Crunch,,,0,normal,,12,,,
Evening workout 🏋️,"Mar 25, 2026, 7:51 PM","Mar 25, 2026, 8:36 PM",,Decline Crunch,,,1,normal,,12,,,
Evening workout 🏋️,"Mar 25, 2026, 7:51 PM","Mar 25, 2026, 8:36 PM",,Farmers Walk,,,0,normal,40,,0.08,,
Evening workout 🏋️,"Mar 25, 2026, 7:51 PM","Mar 25, 2026, 8:36 PM",,Farmers Walk,,,1,normal,40,,0.08,,
Evening workout 🏋️,"Mar 25, 2026, 7:51 PM","Mar 25, 2026, 8:36 PM",,Hammer Curl (Cable),,,0,normal,37.5,15,,,
Evening workout 🏋️,"Mar 25, 2026, 7:51 PM","Mar 25, 2026, 8:36 PM",,Hammer Curl (Cable),,,1,normal,,15,,,
Evening workout 🏋️,"Mar 25, 2026, 7:51 PM","Mar 25, 2026, 8:36 PM",,Crunch (Machine),,,0,normal,9,30,,,
Evening workout 🏋️,"Mar 25, 2026, 7:51 PM","Mar 25, 2026, 8:36 PM",,Crunch (Machine),,,1,normal,10,30,,,
Evening workout 🏋️,"Mar 20, 2026, 7:46 PM","Mar 20, 2026, 8:35 PM",,Incline Bench Press (Barbell),,,0,normal,135,5,,,
Evening workout 🏋️,"Mar 20, 2026, 7:46 PM","Mar 20, 2026, 8:35 PM",,Incline Bench Press (Barbell),,,1,normal,150,5,,,
Evening workout 🏋️,"Mar 20, 2026, 7:46 PM","Mar 20, 2026, 8:35 PM",,Incline Bench Press (Barbell),,,2,normal,150,7,,,
Evening workout 🏋️,"Mar 20, 2026, 7:46 PM","Mar 20, 2026, 8:35 PM",,Seated Row (Machine),,,0,normal,140,12,,,
Evening workout 🏋️,"Mar 20, 2026, 7:46 PM","Mar 20, 2026, 8:35 PM",,Seated Row (Machine),,,1,normal,170,12,,,
Evening workout 🏋️,"Mar 20, 2026, 7:46 PM","Mar 20, 2026, 8:35 PM",,Seated Row (Machine),,,2,normal,170,12,,,
Evening workout 🏋️,"Mar 20, 2026, 7:46 PM","Mar 20, 2026, 8:35 PM",,Box Jump,,,0,normal,,12,,,
Evening workout 🏋️,"Mar 20, 2026, 7:46 PM","Mar 20, 2026, 8:35 PM",,Decline Crunch,,,0,normal,,12,,,
Evening workout 🏋️,"Mar 20, 2026, 7:46 PM","Mar 20, 2026, 8:35 PM",,Farmers Walk,,,0,normal,40,,0.08,,
Evening workout 🏋️,"Mar 20, 2026, 7:46 PM","Mar 20, 2026, 8:35 PM",,Farmers Walk,,,1,normal,40,,0.08,,
Evening workout 🏋️,"Mar 20, 2026, 7:46 PM","Mar 20, 2026, 8:35 PM",,Lateral Raise (Dumbbell),,,0,normal,15,15,,,
Evening workout 🏋️,"Mar 20, 2026, 7:46 PM","Mar 20, 2026, 8:35 PM",,Lateral Raise (Dumbbell),,,1,normal,15,15,,,
Evening workout 🏋️,"Mar 20, 2026, 7:46 PM","Mar 20, 2026, 8:35 PM",,Push Up,,,0,normal,,25,,,
Evening workout 🏋️,"Mar 20, 2026, 7:46 PM","Mar 20, 2026, 8:35 PM",,Seated Palms Up Wrist Curl,,,0,normal,15,20,,,
Evening workout 🏋️,"Mar 20, 2026, 7:46 PM","Mar 20, 2026, 8:35 PM",,Seated Palms Up Wrist Curl,,,1,normal,15,20,,,
Evening workout 🏋️,"Mar 20, 2026, 7:46 PM","Mar 20, 2026, 8:35 PM",,Lateral Raise (Cable),,,0,normal,12.5,12,,,
Evening workout 🏋️,"Mar 20, 2026, 7:46 PM","Mar 20, 2026, 8:35 PM",,Hammer Curl (Cable),,,0,normal,37.5,12,,,
Evening workout 🏋️,"Mar 20, 2026, 7:46 PM","Mar 20, 2026, 8:35 PM",,Hammer Curl (Cable),,,1,normal,37.5,12,,,
Evening workout 🏋️,"Mar 20, 2026, 7:46 PM","Mar 20, 2026, 8:35 PM",,Bicep Curl (Dumbbell),,,0,normal,20,15,,,
Evening workout 🏋️,"Mar 20, 2026, 7:46 PM","Mar 20, 2026, 8:35 PM",,Crunch (Machine),,,0,normal,9,30,,,
Afternoon workout 💪,"Mar 18, 2026, 2:25 PM","Mar 18, 2026, 2:58 PM",,Incline Bench Press (Barbell),,This was a fasted workout so lifts suck,0,normal,135,5,,,
Afternoon workout 💪,"Mar 18, 2026, 2:25 PM","Mar 18, 2026, 2:58 PM",,Incline Bench Press (Barbell),,This was a fasted workout so lifts suck,1,normal,155,3,,,
Afternoon workout 💪,"Mar 18, 2026, 2:25 PM","Mar 18, 2026, 2:58 PM",,Incline Bench Press (Barbell),,This was a fasted workout so lifts suck,2,normal,145,2,,,
Afternoon workout 💪,"Mar 18, 2026, 2:25 PM","Mar 18, 2026, 2:58 PM",,Incline Bench Press (Barbell),,This was a fasted workout so lifts suck,3,normal,145,5,,,
Afternoon workout 💪,"Mar 18, 2026, 2:25 PM","Mar 18, 2026, 2:58 PM",,Crunch (Machine),,,0,normal,9,30,,,
Afternoon workout 💪,"Mar 18, 2026, 2:25 PM","Mar 18, 2026, 2:58 PM",,Crunch (Machine),,,1,normal,9,30,,,
Afternoon workout 💪,"Mar 18, 2026, 2:25 PM","Mar 18, 2026, 2:58 PM",,Farmers Walk,,,0,normal,40,,0.08,,
Afternoon workout 💪,"Mar 18, 2026, 2:25 PM","Mar 18, 2026, 2:58 PM",,Farmers Walk,,,1,normal,40,,0.08,,
Afternoon workout 💪,"Mar 18, 2026, 2:25 PM","Mar 18, 2026, 2:58 PM",,Seated Palms Up Wrist Curl,,,0,normal,15,20,,,
Afternoon workout 💪,"Mar 18, 2026, 2:25 PM","Mar 18, 2026, 2:58 PM",,Seated Palms Up Wrist Curl,,,1,normal,15,20,,,
Afternoon workout 💪,"Mar 18, 2026, 2:25 PM","Mar 18, 2026, 2:58 PM",,Seated Palms Up Wrist Curl,,,2,normal,15,20,,,
Afternoon workout 💪,"Mar 18, 2026, 2:25 PM","Mar 18, 2026, 2:58 PM",,Seated Wrist Extensions,,,0,normal,8,20,,,
Afternoon workout 💪,"Mar 18, 2026, 2:25 PM","Mar 18, 2026, 2:58 PM",,Seated Wrist Extensions,,,1,normal,8,20,,,
Afternoon workout 💪,"Mar 18, 2026, 2:25 PM","Mar 18, 2026, 2:58 PM",,Bicep Curl (Dumbbell),,,0,normal,20,15,,,
Afternoon workout 💪,"Mar 16, 2026, 5:12 PM","Mar 16, 2026, 5:35 PM",,Push Up,,,0,normal,,25,,,
Afternoon workout 💪,"Mar 16, 2026, 5:12 PM","Mar 16, 2026, 5:35 PM",,Push Up,,,1,normal,,20,,,
Afternoon workout 💪,"Mar 16, 2026, 5:12 PM","Mar 16, 2026, 5:35 PM",,Farmers Walk,,,0,normal,40,,0.08,,
Afternoon workout 💪,"Mar 16, 2026, 5:12 PM","Mar 16, 2026, 5:35 PM",,Farmers Walk,,,1,normal,40,,0.08,,
Afternoon workout 💪,"Mar 16, 2026, 5:12 PM","Mar 16, 2026, 5:35 PM",,Plank,,,0,normal,,,,76,
Afternoon workout 💪,"Mar 16, 2026, 5:12 PM","Mar 16, 2026, 5:35 PM",,Plank,,,1,normal,,,,71,
Afternoon workout 💪,"Mar 16, 2026, 5:12 PM","Mar 16, 2026, 5:35 PM",,Kettlebell Curl,,,0,normal,20,12,,,
Afternoon workout 💪,"Mar 16, 2026, 5:12 PM","Mar 16, 2026, 5:35 PM",,Kettlebell Curl,,,1,normal,20,12,,,
Afternoon workout 💪,"Mar 16, 2026, 5:12 PM","Mar 16, 2026, 5:35 PM",,Kettlebell Curl,,,2,normal,20,12,,,
Afternoon workout 💪,"Mar 16, 2026, 5:12 PM","Mar 16, 2026, 5:35 PM",,Lateral Raise (Dumbbell),,,0,normal,15,15,,,
Afternoon workout 💪,"Mar 16, 2026, 5:12 PM","Mar 16, 2026, 5:35 PM",,Lateral Raise (Dumbbell),,,1,normal,15,15,,,
Afternoon workout 💪,"Mar 13, 2026, 5:05 PM","Mar 13, 2026, 5:54 PM",,Incline Bench Press (Barbell),,,0,normal,135,5,,,
Afternoon workout 💪,"Mar 13, 2026, 5:05 PM","Mar 13, 2026, 5:54 PM",,Incline Bench Press (Barbell),,,1,normal,155,5,,,
Afternoon workout 💪,"Mar 13, 2026, 5:05 PM","Mar 13, 2026, 5:54 PM",,Incline Bench Press (Barbell),,,2,normal,150,5,,,
Afternoon workout 💪,"Mar 13, 2026, 5:05 PM","Mar 13, 2026, 5:54 PM",,Crunch (Machine),,,0,normal,8,40,,,
Afternoon workout 💪,"Mar 13, 2026, 5:05 PM","Mar 13, 2026, 5:54 PM",,Crunch (Machine),,,1,normal,8,40,,,
Afternoon workout 💪,"Mar 13, 2026, 5:05 PM","Mar 13, 2026, 5:54 PM",,Seated Palms Up Wrist Curl,,,0,normal,15,20,,,
Afternoon workout 💪,"Mar 13, 2026, 5:05 PM","Mar 13, 2026, 5:54 PM",,Seated Palms Up Wrist Curl,,,1,normal,15,20,,,
Afternoon workout 💪,"Mar 13, 2026, 5:05 PM","Mar 13, 2026, 5:54 PM",,Lateral Raise (Dumbbell),,,0,normal,20,8,,,
Afternoon workout 💪,"Mar 13, 2026, 5:05 PM","Mar 13, 2026, 5:54 PM",,Lateral Raise (Dumbbell),,,1,normal,20,8,,,
Afternoon workout 💪,"Mar 13, 2026, 5:05 PM","Mar 13, 2026, 5:54 PM",,Lateral Raise (Dumbbell),,,2,normal,15,15,,,
Afternoon workout 💪,"Mar 13, 2026, 5:05 PM","Mar 13, 2026, 5:54 PM",,Bicep Curl (Dumbbell),,,0,normal,20,15,,,
Afternoon workout 💪,"Mar 13, 2026, 5:05 PM","Mar 13, 2026, 5:54 PM",,Bicep Curl (Dumbbell),,,1,normal,20,15,,,
Afternoon workout 💪,"Mar 13, 2026, 5:05 PM","Mar 13, 2026, 5:54 PM",,Bicep Curl (Dumbbell),,,2,normal,20,15,,,
Afternoon workout 💪,"Mar 13, 2026, 5:05 PM","Mar 13, 2026, 5:54 PM",,Seated Row (Machine),,,0,normal,140,12,,,
Afternoon workout 💪,"Mar 13, 2026, 5:05 PM","Mar 13, 2026, 5:54 PM",,Seated Row (Machine),,,1,normal,170,12,,,
Afternoon workout 💪,"Mar 13, 2026, 5:05 PM","Mar 13, 2026, 5:54 PM",,Farmers Walk,,,0,normal,40,,0.08,,
Afternoon workout 💪,"Mar 13, 2026, 5:05 PM","Mar 13, 2026, 5:54 PM",,Farmers Walk,,,1,normal,40,,0.08,,
Evening workout 🏋️,"Mar 9, 2026, 7:25 PM","Mar 9, 2026, 8:20 PM",,Incline Bench Press (Barbell),,,0,normal,135,5,,,
Evening workout 🏋️,"Mar 9, 2026, 7:25 PM","Mar 9, 2026, 8:20 PM",,Incline Bench Press (Barbell),,,1,normal,145,5,,,
Evening workout 🏋️,"Mar 9, 2026, 7:25 PM","Mar 9, 2026, 8:20 PM",,Incline Bench Press (Barbell),,,2,normal,145,5,,,
Evening workout 🏋️,"Mar 9, 2026, 7:25 PM","Mar 9, 2026, 8:20 PM",,Seated Row (Machine),,,0,normal,140,12,,,
Evening workout 🏋️,"Mar 9, 2026, 7:25 PM","Mar 9, 2026, 8:20 PM",,Seated Row (Machine),,,1,normal,165,12,,,
Evening workout 🏋️,"Mar 9, 2026, 7:25 PM","Mar 9, 2026, 8:20 PM",,Seated Row (Machine),,,2,normal,165,12,,,
Evening workout 🏋️,"Mar 9, 2026, 7:25 PM","Mar 9, 2026, 8:20 PM",,Farmers Walk,,,0,normal,30,,0.08,,
Evening workout 🏋️,"Mar 9, 2026, 7:25 PM","Mar 9, 2026, 8:20 PM",,Farmers Walk,,,1,normal,30,,0.08,,
Evening workout 🏋️,"Mar 9, 2026, 7:25 PM","Mar 9, 2026, 8:20 PM",,Farmers Walk,,,2,normal,30,,0.08,,
Evening workout 🏋️,"Mar 9, 2026, 7:25 PM","Mar 9, 2026, 8:20 PM",,Decline Crunch,,,0,normal,,12,,,
Evening workout 🏋️,"Mar 9, 2026, 7:25 PM","Mar 9, 2026, 8:20 PM",,Decline Crunch,,,1,normal,,12,,,
Evening workout 🏋️,"Mar 9, 2026, 7:25 PM","Mar 9, 2026, 8:20 PM",,Lateral Raise (Dumbbell),,,0,normal,15,15,,,
Evening workout 🏋️,"Mar 9, 2026, 7:25 PM","Mar 9, 2026, 8:20 PM",,Lateral Raise (Dumbbell),,,1,normal,15,15,,,
Evening workout 🏋️,"Mar 9, 2026, 7:25 PM","Mar 9, 2026, 8:20 PM",,Lateral Raise (Dumbbell),,,2,normal,15,15,,,
Evening workout 🏋️,"Mar 9, 2026, 7:25 PM","Mar 9, 2026, 8:20 PM",,Seated Palms Up Wrist Curl,,,0,normal,12,20,,,
Evening workout 🏋️,"Mar 9, 2026, 7:25 PM","Mar 9, 2026, 8:20 PM",,Seated Palms Up Wrist Curl,,,1,normal,15,20,,,
Evening workout 🏋️,"Mar 9, 2026, 7:25 PM","Mar 9, 2026, 8:20 PM",,Seated Palms Up Wrist Curl,,,2,normal,15,20,,,
Evening workout 🏋️,"Mar 9, 2026, 7:25 PM","Mar 9, 2026, 8:20 PM",,Bicep Curl (Dumbbell),,,0,normal,20,12,,,
Evening workout 🏋️,"Mar 9, 2026, 7:25 PM","Mar 9, 2026, 8:20 PM",,Bicep Curl (Dumbbell),,,1,normal,20,12,,,
Evening workout 🏋️,"Mar 9, 2026, 7:25 PM","Mar 9, 2026, 8:20 PM",,Bicep Curl (Dumbbell),,,2,normal,20,12,,,
Afternoon workout 💪,"Mar 6, 2026, 6:11 PM","Mar 6, 2026, 6:44 PM",,Lat Pulldown (Machine),,,0,normal,90,12,,,
Afternoon workout 💪,"Mar 6, 2026, 6:11 PM","Mar 6, 2026, 6:44 PM",,Lat Pulldown (Machine),,,1,normal,90,12,,,
Afternoon workout 💪,"Mar 6, 2026, 6:11 PM","Mar 6, 2026, 6:44 PM",,Bicep Curl (Dumbbell),,,0,normal,20,12,,,
Afternoon workout 💪,"Mar 6, 2026, 6:11 PM","Mar 6, 2026, 6:44 PM",,Bicep Curl (Dumbbell),,,1,normal,20,12,,,
Afternoon workout 💪,"Mar 6, 2026, 6:11 PM","Mar 6, 2026, 6:44 PM",,Bicep Curl (Dumbbell),,,2,normal,20,12,,,
Afternoon workout 💪,"Mar 6, 2026, 6:11 PM","Mar 6, 2026, 6:44 PM",,Bicep Curl (Dumbbell),,,3,normal,20,12,,,
Afternoon workout 💪,"Mar 6, 2026, 6:11 PM","Mar 6, 2026, 6:44 PM",,Arnold Press (Dumbbell),,,0,normal,30,12,,,
Afternoon workout 💪,"Mar 6, 2026, 6:11 PM","Mar 6, 2026, 6:44 PM",,Arnold Press (Dumbbell),,,1,normal,30,12,,,
Afternoon workout 💪,"Mar 6, 2026, 6:11 PM","Mar 6, 2026, 6:44 PM",,Seated Palms Up Wrist Curl,,,0,normal,12,20,,,
Afternoon workout 💪,"Mar 6, 2026, 6:11 PM","Mar 6, 2026, 6:44 PM",,Seated Palms Up Wrist Curl,,,1,normal,12,20,,,
Afternoon workout 💪,"Mar 6, 2026, 6:11 PM","Mar 6, 2026, 6:44 PM",,Seated Row (Machine),,,0,normal,140,12,,,
Afternoon workout 💪,"Mar 6, 2026, 6:11 PM","Mar 6, 2026, 6:44 PM",,Seated Row (Machine),,,1,normal,170,12,,,
Afternoon workout 💪,"Mar 6, 2026, 6:11 PM","Mar 6, 2026, 6:44 PM",,Plank,,,0,normal,,,,52,
Afternoon workout 💪,"Mar 6, 2026, 6:11 PM","Mar 6, 2026, 6:44 PM",,Farmers Walk,,,0,normal,30,,0.08,,
Afternoon workout 💪,"Mar 6, 2026, 6:11 PM","Mar 6, 2026, 6:44 PM",,Farmers Walk,,,1,normal,30,,0.08,,
Afternoon workout 💪,"Mar 6, 2026, 6:11 PM","Mar 6, 2026, 6:44 PM",,Farmers Walk,,,2,normal,30,,0.08,,
Day 1 - Full Body + Run/Swim/Stair,"Mar 5, 2026, 7:26 PM","Mar 5, 2026, 8:16 PM",,Squat (Barbell),,,0,normal,135,5,,,
Day 1 - Full Body + Run/Swim/Stair,"Mar 5, 2026, 7:26 PM","Mar 5, 2026, 8:16 PM",,Incline Bench Press (Barbell),,,0,normal,135,5,,,
Day 1 - Full Body + Run/Swim/Stair,"Mar 5, 2026, 7:26 PM","Mar 5, 2026, 8:16 PM",,Incline Bench Press (Barbell),,,1,normal,145,5,,,
Day 1 - Full Body + Run/Swim/Stair,"Mar 5, 2026, 7:26 PM","Mar 5, 2026, 8:16 PM",,Incline Bench Press (Barbell),,,2,normal,150,3,,,
Day 1 - Full Body + Run/Swim/Stair,"Mar 5, 2026, 7:26 PM","Mar 5, 2026, 8:16 PM",,Incline Bench Press (Barbell),,,3,normal,145,3,,,
Day 1 - Full Body + Run/Swim/Stair,"Mar 5, 2026, 7:26 PM","Mar 5, 2026, 8:16 PM",,Decline Crunch,,,0,normal,,12,,,
Day 1 - Full Body + Run/Swim/Stair,"Mar 5, 2026, 7:26 PM","Mar 5, 2026, 8:16 PM",,Decline Crunch,,,1,normal,,12,,,
Day 1 - Full Body + Run/Swim/Stair,"Mar 5, 2026, 7:26 PM","Mar 5, 2026, 8:16 PM",,Butterfly (Pec Deck),,,0,normal,120,12,,,
Day 1 - Full Body + Run/Swim/Stair,"Mar 5, 2026, 7:26 PM","Mar 5, 2026, 8:16 PM",,Butterfly (Pec Deck),,,1,normal,120,12,,,
Day 1 - Full Body + Run/Swim/Stair,"Mar 5, 2026, 7:26 PM","Mar 5, 2026, 8:16 PM",,Hammer Curl (Dumbbell),,Super slow and burning,0,normal,20,12,,,
Day 1 - Full Body + Run/Swim/Stair,"Mar 5, 2026, 7:26 PM","Mar 5, 2026, 8:16 PM",,Hammer Curl (Dumbbell),,Super slow and burning,1,normal,20,12,,,
Day 1 - Full Body + Run/Swim/Stair,"Mar 5, 2026, 7:26 PM","Mar 5, 2026, 8:16 PM",,Hammer Curl (Dumbbell),,Super slow and burning,2,normal,20,12,,,
Day 1 - Full Body + Run/Swim/Stair,"Mar 5, 2026, 7:26 PM","Mar 5, 2026, 8:16 PM",,Lateral Raise (Dumbbell),,Very slow make it burn,0,normal,15,15,,,
Day 1 - Full Body + Run/Swim/Stair,"Mar 5, 2026, 7:26 PM","Mar 5, 2026, 8:16 PM",,Lateral Raise (Dumbbell),,Very slow make it burn,1,normal,15,15,,,
Day 1 - Full Body + Run/Swim/Stair,"Mar 5, 2026, 7:26 PM","Mar 5, 2026, 8:16 PM",,Leg Raise Parallel Bars,,,0,normal,,12,,,
Day 1 - Full Body + Run/Swim/Stair,"Mar 5, 2026, 7:26 PM","Mar 5, 2026, 8:16 PM",,Crunch (Machine),,,0,normal,7,40,,,
Day 1 - Full Body + Run/Swim/Stair,"Mar 5, 2026, 7:26 PM","Mar 5, 2026, 8:16 PM",,Bicep Curl (Dumbbell),,,0,normal,20,12,,,
Day 1 - Full Body + Run/Swim/Stair,"Mar 5, 2026, 7:26 PM","Mar 5, 2026, 8:16 PM",,Farmers Walk,,,0,normal,30,,0.08,,
Day 1 - Full Body + Run/Swim/Stair,"Mar 5, 2026, 7:26 PM","Mar 5, 2026, 8:16 PM",,Farmers Walk,,,1,normal,30,,0.08,,
Day 1 - Full Body + Run/Swim/Stair,"Mar 5, 2026, 7:26 PM","Mar 5, 2026, 8:16 PM",,Farmers Walk,,,2,normal,20,,0.17,,
Day 1 - Full Body + Run/Swim/Stair,"Mar 1, 2026, 12:57 PM","Mar 1, 2026, 1:28 PM",,Incline Bench Press (Barbell),,,0,normal,135,5,,,
Day 1 - Full Body + Run/Swim/Stair,"Mar 1, 2026, 12:57 PM","Mar 1, 2026, 1:28 PM",,Incline Bench Press (Barbell),,,1,normal,145,5,,,
Day 1 - Full Body + Run/Swim/Stair,"Mar 1, 2026, 12:57 PM","Mar 1, 2026, 1:28 PM",,Incline Bench Press (Barbell),,,2,normal,145,5,,,
Day 1 - Full Body + Run/Swim/Stair,"Mar 1, 2026, 12:57 PM","Mar 1, 2026, 1:28 PM",,Seated Row (Machine),,,0,normal,140,12,,,
Day 1 - Full Body + Run/Swim/Stair,"Mar 1, 2026, 12:57 PM","Mar 1, 2026, 1:28 PM",,Seated Row (Machine),,,1,normal,170,10,,,
Day 1 - Full Body + Run/Swim/Stair,"Mar 1, 2026, 12:57 PM","Mar 1, 2026, 1:28 PM",,Crunch (Machine),,,0,normal,7,40,,,
Day 1 - Full Body + Run/Swim/Stair,"Mar 1, 2026, 12:57 PM","Mar 1, 2026, 1:28 PM",,Crunch (Machine),,,1,normal,7,40,,,
Day 1 - Full Body + Run/Swim/Stair,"Mar 1, 2026, 12:57 PM","Mar 1, 2026, 1:28 PM",,Lateral Raise (Dumbbell),,,0,normal,15,15,,,
Day 1 - Full Body + Run/Swim/Stair,"Mar 1, 2026, 12:57 PM","Mar 1, 2026, 1:28 PM",,Lateral Raise (Dumbbell),,,1,normal,15,15,,,
Day 1 - Full Body + Run/Swim/Stair,"Mar 1, 2026, 12:57 PM","Mar 1, 2026, 1:28 PM",,Lateral Raise (Dumbbell),,,2,normal,15,15,,,
Day 1 - Full Body + Run/Swim/Stair,"Mar 1, 2026, 12:57 PM","Mar 1, 2026, 1:28 PM",,Bicep Curl (Dumbbell),,,0,normal,20,12,,,
Day 1 - Full Body + Run/Swim/Stair,"Mar 1, 2026, 12:57 PM","Mar 1, 2026, 1:28 PM",,Bicep Curl (Dumbbell),,,1,normal,20,12,,,
Day 1 - Full Body + Run/Swim/Stair,"Mar 1, 2026, 12:57 PM","Mar 1, 2026, 1:28 PM",,Bicep Curl (Dumbbell),,,2,normal,20,12,,,
Day 2 - Upper Body + Run/Swim/Stair,"Feb 26, 2026, 6:26 PM","Feb 26, 2026, 6:54 PM",,Seated Row (Machine),,,0,normal,140,12,,,
Day 2 - Upper Body + Run/Swim/Stair,"Feb 26, 2026, 6:26 PM","Feb 26, 2026, 6:54 PM",,Seated Row (Machine),,,1,normal,165,12,,,
Day 2 - Upper Body + Run/Swim/Stair,"Feb 26, 2026, 6:26 PM","Feb 26, 2026, 6:54 PM",,Seated Row (Machine),,,2,normal,165,12,,,
Day 2 - Upper Body + Run/Swim/Stair,"Feb 26, 2026, 6:26 PM","Feb 26, 2026, 6:54 PM",,Push Up,,,0,normal,,25,,,
Day 2 - Upper Body + Run/Swim/Stair,"Feb 26, 2026, 6:26 PM","Feb 26, 2026, 6:54 PM",,Push Up,,,1,normal,,20,,,
Day 2 - Upper Body + Run/Swim/Stair,"Feb 26, 2026, 6:26 PM","Feb 26, 2026, 6:54 PM",,Overhead Press (Barbell),,,0,normal,65,10,,,
Day 2 - Upper Body + Run/Swim/Stair,"Feb 26, 2026, 6:26 PM","Feb 26, 2026, 6:54 PM",,Overhead Press (Barbell),,,1,normal,95,5,,,
Day 2 - Upper Body + Run/Swim/Stair,"Feb 26, 2026, 6:26 PM","Feb 26, 2026, 6:54 PM",,Overhead Press (Barbell),,,2,normal,95,6,,,
Day 2 - Upper Body + Run/Swim/Stair,"Feb 26, 2026, 6:26 PM","Feb 26, 2026, 6:54 PM",,Decline Crunch,,,0,normal,,12,,,
Day 2 - Upper Body + Run/Swim/Stair,"Feb 26, 2026, 6:26 PM","Feb 26, 2026, 6:54 PM",,Crunch (Machine),,,0,normal,7,40,,,
Day 1 - Full Body + Run/Swim/Stair,"Feb 24, 2026, 2:16 PM","Feb 24, 2026, 2:45 PM",,Squat (Barbell),,,0,normal,135,5,,,
Day 1 - Full Body + Run/Swim/Stair,"Feb 24, 2026, 2:16 PM","Feb 24, 2026, 2:45 PM",,Incline Bench Press (Barbell),,,0,normal,135,5,,,
Day 1 - Full Body + Run/Swim/Stair,"Feb 24, 2026, 2:16 PM","Feb 24, 2026, 2:45 PM",,Incline Bench Press (Barbell),,,1,normal,145,5,,,
Day 1 - Full Body + Run/Swim/Stair,"Feb 24, 2026, 2:16 PM","Feb 24, 2026, 2:45 PM",,Incline Bench Press (Barbell),,,2,normal,145,5,,,
Day 1 - Full Body + Run/Swim/Stair,"Feb 24, 2026, 2:16 PM","Feb 24, 2026, 2:45 PM",,Seated Row (Machine),,,0,normal,140,12,,,
Day 1 - Full Body + Run/Swim/Stair,"Feb 24, 2026, 2:16 PM","Feb 24, 2026, 2:45 PM",,Seated Row (Machine),,,1,normal,165,12,,,
Day 1 - Full Body + Run/Swim/Stair,"Feb 24, 2026, 2:16 PM","Feb 24, 2026, 2:45 PM",,Seated Row (Machine),,,2,normal,165,12,,,
Day 1 - Full Body + Run/Swim/Stair,"Feb 24, 2026, 2:16 PM","Feb 24, 2026, 2:45 PM",,Decline Crunch,,,0,normal,,12,,,
Day 1 - Full Body + Run/Swim/Stair,"Feb 24, 2026, 2:16 PM","Feb 24, 2026, 2:45 PM",,Decline Crunch,,,1,normal,,12,,,
Day 1 - Full Body + Run/Swim/Stair,"Feb 24, 2026, 2:16 PM","Feb 24, 2026, 2:45 PM",,Lateral Raise (Dumbbell),,,0,normal,15,15,,,
Day 1 - Full Body + Run/Swim/Stair,"Feb 24, 2026, 2:16 PM","Feb 24, 2026, 2:45 PM",,Lateral Raise (Dumbbell),,,1,normal,15,15,,,
Day 1 - Full Body + Run/Swim/Stair,"Feb 24, 2026, 2:16 PM","Feb 24, 2026, 2:45 PM",,Lateral Raise (Dumbbell),,,2,normal,15,15,,,
Day 1 - Full Body + Run/Swim/Stair,"Feb 24, 2026, 2:16 PM","Feb 24, 2026, 2:45 PM",,Leg Raise Parallel Bars,,,0,normal,,12,,,
Day 1 - Full Body + Run/Swim/Stair,"Feb 24, 2026, 2:16 PM","Feb 24, 2026, 2:45 PM",,Crunch (Machine),,,0,normal,7,40,,,
Day 1 - Full Body + Run/Swim/Stair,"Feb 19, 2026, 6:51 PM","Feb 19, 2026, 7:43 PM",,Incline Bench Press (Barbell),,,0,normal,135,5,,,
Day 1 - Full Body + Run/Swim/Stair,"Feb 19, 2026, 6:51 PM","Feb 19, 2026, 7:43 PM",,Incline Bench Press (Barbell),,,1,normal,155,3,,,
Day 1 - Full Body + Run/Swim/Stair,"Feb 19, 2026, 6:51 PM","Feb 19, 2026, 7:43 PM",,Incline Bench Press (Barbell),,,2,normal,145,3,,,
Day 1 - Full Body + Run/Swim/Stair,"Feb 19, 2026, 6:51 PM","Feb 19, 2026, 7:43 PM",,Incline Bench Press (Barbell),,,3,normal,145,6,,,
Day 1 - Full Body + Run/Swim/Stair,"Feb 19, 2026, 6:51 PM","Feb 19, 2026, 7:43 PM",,Seated Row (Machine),,,0,normal,140,12,,,
Day 1 - Full Body + Run/Swim/Stair,"Feb 19, 2026, 6:51 PM","Feb 19, 2026, 7:43 PM",,Seated Row (Machine),,,1,normal,160,12,,,
Day 1 - Full Body + Run/Swim/Stair,"Feb 19, 2026, 6:51 PM","Feb 19, 2026, 7:43 PM",,Seated Row (Machine),,,2,normal,165,10,,,
Day 1 - Full Body + Run/Swim/Stair,"Feb 19, 2026, 6:51 PM","Feb 19, 2026, 7:43 PM",,Crunch (Machine),,,0,normal,7,40,,,
Day 1 - Full Body + Run/Swim/Stair,"Feb 19, 2026, 6:51 PM","Feb 19, 2026, 7:43 PM",,Crunch (Machine),,,1,normal,7,40,,,
Day 1 - Full Body + Run/Swim/Stair,"Feb 19, 2026, 6:51 PM","Feb 19, 2026, 7:43 PM",,Crunch (Machine),,,2,normal,7,40,,,
Day 1 - Full Body + Run/Swim/Stair,"Feb 19, 2026, 6:51 PM","Feb 19, 2026, 7:43 PM",,Leg Press Horizontal (Machine),,,0,normal,175,12,,,
Day 1 - Full Body + Run/Swim/Stair,"Feb 19, 2026, 6:51 PM","Feb 19, 2026, 7:43 PM",,Leg Press Horizontal (Machine),,,1,normal,230,12,,,
Day 1 - Full Body + Run/Swim/Stair,"Feb 19, 2026, 6:51 PM","Feb 19, 2026, 7:43 PM",,Leg Press Horizontal (Machine),,,2,normal,230,12,,,
Day 1 - Full Body + Run/Swim/Stair,"Feb 10, 2026, 5:27 PM","Feb 10, 2026, 6:11 PM",,Leg Press Horizontal (Machine),,Very slow,0,normal,220,12,,,
Day 1 - Full Body + Run/Swim/Stair,"Feb 10, 2026, 5:27 PM","Feb 10, 2026, 6:11 PM",,Leg Press Horizontal (Machine),,Very slow,1,normal,230,12,,,
Day 1 - Full Body + Run/Swim/Stair,"Feb 10, 2026, 5:27 PM","Feb 10, 2026, 6:11 PM",,Leg Press Horizontal (Machine),,Very slow,2,normal,230,12,,,
Day 1 - Full Body + Run/Swim/Stair,"Feb 10, 2026, 5:27 PM","Feb 10, 2026, 6:11 PM",,Lat Pulldown (Machine),,,0,normal,90,12,,,
Day 1 - Full Body + Run/Swim/Stair,"Feb 10, 2026, 5:27 PM","Feb 10, 2026, 6:11 PM",,Lat Pulldown (Machine),,,1,normal,90,12,,,
Day 1 - Full Body + Run/Swim/Stair,"Feb 10, 2026, 5:27 PM","Feb 10, 2026, 6:11 PM",,Incline Bench Press (Barbell),,,0,normal,135,5,,,
Day 1 - Full Body + Run/Swim/Stair,"Feb 10, 2026, 5:27 PM","Feb 10, 2026, 6:11 PM",,Incline Bench Press (Barbell),,,1,normal,150,5,,,
Day 1 - Full Body + Run/Swim/Stair,"Feb 10, 2026, 5:27 PM","Feb 10, 2026, 6:11 PM",,Incline Bench Press (Barbell),,,2,normal,145,5,,,
Day 1 - Full Body + Run/Swim/Stair,"Feb 10, 2026, 5:27 PM","Feb 10, 2026, 6:11 PM",,Seated Row (Machine),,,0,normal,140,12,,,
Day 1 - Full Body + Run/Swim/Stair,"Feb 10, 2026, 5:27 PM","Feb 10, 2026, 6:11 PM",,Seated Row (Machine),,,1,normal,160,12,,,
Day 1 - Full Body + Run/Swim/Stair,"Feb 10, 2026, 5:27 PM","Feb 10, 2026, 6:11 PM",,Seated Row (Machine),,,2,normal,160,10,,,
Day 1 - Full Body + Run/Swim/Stair,"Feb 10, 2026, 5:27 PM","Feb 10, 2026, 6:11 PM",,Plank,,,0,normal,,,,70,
Day 2 - Upper Body + Run/Swim/Stair,"Feb 5, 2026, 6:29 PM","Feb 5, 2026, 7:03 PM",,Seated Row (Machine),,,0,normal,140,12,,,
Day 2 - Upper Body + Run/Swim/Stair,"Feb 5, 2026, 6:29 PM","Feb 5, 2026, 7:03 PM",,Seated Row (Machine),,,1,normal,160,12,,,
Day 2 - Upper Body + Run/Swim/Stair,"Feb 5, 2026, 6:29 PM","Feb 5, 2026, 7:03 PM",,Seated Row (Machine),,,2,normal,160,12,,,
Day 2 - Upper Body + Run/Swim/Stair,"Feb 5, 2026, 6:29 PM","Feb 5, 2026, 7:03 PM",,Push Up,,,0,normal,,25,,,
Day 2 - Upper Body + Run/Swim/Stair,"Feb 5, 2026, 6:29 PM","Feb 5, 2026, 7:03 PM",,Push Up,,,1,normal,,20,,,
Day 2 - Upper Body + Run/Swim/Stair,"Feb 5, 2026, 6:29 PM","Feb 5, 2026, 7:03 PM",,Bicep Curl (Dumbbell),,,0,normal,20,12,,,
Day 2 - Upper Body + Run/Swim/Stair,"Feb 5, 2026, 6:29 PM","Feb 5, 2026, 7:03 PM",,Bicep Curl (Dumbbell),,,1,normal,25,12,,,
Day 2 - Upper Body + Run/Swim/Stair,"Feb 5, 2026, 6:29 PM","Feb 5, 2026, 7:03 PM",,Bicep Curl (Dumbbell),,,2,normal,12,20,,,
Day 2 - Upper Body + Run/Swim/Stair,"Feb 5, 2026, 6:29 PM","Feb 5, 2026, 7:03 PM",,Overhead Press (Barbell),,,0,normal,95,5,,,
Day 2 - Upper Body + Run/Swim/Stair,"Feb 5, 2026, 6:29 PM","Feb 5, 2026, 7:03 PM",,Overhead Press (Barbell),,,1,normal,95,5,,,
Day 2 - Upper Body + Run/Swim/Stair,"Feb 5, 2026, 6:29 PM","Feb 5, 2026, 7:03 PM",,Squat (Barbell),,,0,normal,135,8,,,
Day 2 - Upper Body + Run/Swim/Stair,"Feb 5, 2026, 6:29 PM","Feb 5, 2026, 7:03 PM",,Squat (Barbell),,,1,normal,135,1,,,
Day 1 - Full Body + Run/Swim/Stair,"Feb 3, 2026, 5:07 PM","Feb 3, 2026, 5:35 PM",,Lat Pulldown (Cable),,Pretty slow and controlled,0,normal,52.5,12,,,
Day 1 - Full Body + Run/Swim/Stair,"Feb 3, 2026, 5:07 PM","Feb 3, 2026, 5:35 PM",,Lat Pulldown (Cable),,Pretty slow and controlled,1,normal,52.5,12,,,
Day 1 - Full Body + Run/Swim/Stair,"Feb 3, 2026, 5:07 PM","Feb 3, 2026, 5:35 PM",,Incline Bench Press (Barbell),,,0,normal,135,5,,,
Day 1 - Full Body + Run/Swim/Stair,"Feb 3, 2026, 5:07 PM","Feb 3, 2026, 5:35 PM",,Incline Bench Press (Barbell),,,1,normal,150,2,,,
Day 1 - Full Body + Run/Swim/Stair,"Feb 3, 2026, 5:07 PM","Feb 3, 2026, 5:35 PM",,Incline Bench Press (Barbell),,,2,normal,145,3,,,
Day 1 - Full Body + Run/Swim/Stair,"Feb 3, 2026, 5:07 PM","Feb 3, 2026, 5:35 PM",,Seated Row (Machine),,,0,normal,140,12,,,
Day 1 - Full Body + Run/Swim/Stair,"Feb 3, 2026, 5:07 PM","Feb 3, 2026, 5:35 PM",,Seated Row (Machine),,,1,normal,160,8,,,
Day 1 - Full Body + Run/Swim/Stair,"Feb 3, 2026, 5:07 PM","Feb 3, 2026, 5:35 PM",,Seated Row (Machine),,,2,normal,160,12,,,
Day 1 - Full Body + Run/Swim/Stair,"Feb 3, 2026, 5:07 PM","Feb 3, 2026, 5:35 PM",,Decline Crunch,,,0,normal,,10,,,
Day 1 - Full Body + Run/Swim/Stair,"Feb 3, 2026, 5:07 PM","Feb 3, 2026, 5:35 PM",,Decline Crunch,,,1,normal,,8,,,
Afternoon workout 💪,"Feb 1, 2026, 2:39 PM","Feb 1, 2026, 3:08 PM",,Seated Leg Curl (Machine),,,0,normal,85,13,,,
Afternoon workout 💪,"Feb 1, 2026, 2:39 PM","Feb 1, 2026, 3:08 PM",,Seated Leg Curl (Machine),,,1,normal,85,13,,,
Afternoon workout 💪,"Feb 1, 2026, 2:39 PM","Feb 1, 2026, 3:08 PM",,Seated Leg Curl (Machine),,,2,normal,85,13,,,
Afternoon workout 💪,"Feb 1, 2026, 2:39 PM","Feb 1, 2026, 3:08 PM",,Bulgarian Split Squat (Dumbbell),,,0,normal,,12,,,
Afternoon workout 💪,"Feb 1, 2026, 2:39 PM","Feb 1, 2026, 3:08 PM",,Bulgarian Split Squat (Dumbbell),,,1,normal,20,8,,,
Afternoon workout 💪,"Feb 1, 2026, 2:39 PM","Feb 1, 2026, 3:08 PM",,Leg Raise Parallel Bars,,,0,normal,,12,,,
Afternoon workout 💪,"Feb 1, 2026, 2:39 PM","Feb 1, 2026, 3:08 PM",,Leg Raise Parallel Bars,,,1,normal,,12,,,
Afternoon workout 💪,"Feb 1, 2026, 2:39 PM","Feb 1, 2026, 3:08 PM",,Leg Extension (Machine),,,0,normal,95,12,,,
Afternoon workout 💪,"Feb 1, 2026, 2:39 PM","Feb 1, 2026, 3:08 PM",,Leg Extension (Machine),,,1,normal,95,12,,,
Afternoon workout 💪,"Jan 30, 2026, 5:11 PM","Jan 30, 2026, 5:44 PM",,Incline Bench Press (Barbell),,,0,normal,135,5,,,
Afternoon workout 💪,"Jan 30, 2026, 5:11 PM","Jan 30, 2026, 5:44 PM",,Incline Bench Press (Barbell),,,1,normal,135,5,,,
Afternoon workout 💪,"Jan 30, 2026, 5:11 PM","Jan 30, 2026, 5:44 PM",,Incline Bench Press (Barbell),,,2,normal,135,5,,,
Afternoon workout 💪,"Jan 30, 2026, 5:11 PM","Jan 30, 2026, 5:44 PM",,Bench Press (Barbell),,,0,normal,135,5,,,
Afternoon workout 💪,"Jan 30, 2026, 5:11 PM","Jan 30, 2026, 5:44 PM",,Bench Press (Barbell),,,1,normal,145,5,,,
Afternoon workout 💪,"Jan 30, 2026, 5:11 PM","Jan 30, 2026, 5:44 PM",,Bench Press (Barbell),,,2,normal,145,5,,,
Afternoon workout 💪,"Jan 30, 2026, 5:11 PM","Jan 30, 2026, 5:44 PM",,Back Extension (Hyperextension),,,0,normal,,6,,,
Afternoon workout 💪,"Jan 30, 2026, 5:11 PM","Jan 30, 2026, 5:44 PM",,Triceps Pushdown,,,0,normal,45,15,,,
Afternoon workout 💪,"Jan 30, 2026, 5:11 PM","Jan 30, 2026, 5:44 PM",,Triceps Pushdown,,,1,normal,45,15,,,
Afternoon workout 💪,"Jan 30, 2026, 5:11 PM","Jan 30, 2026, 5:44 PM",,Triceps Pushdown,,,2,normal,45,15,,,
Afternoon workout 💪,"Jan 30, 2026, 5:11 PM","Jan 30, 2026, 5:44 PM",,Butterfly (Pec Deck),,,0,normal,120,12,,,
Afternoon workout 💪,"Jan 30, 2026, 5:11 PM","Jan 30, 2026, 5:44 PM",,Butterfly (Pec Deck),,,1,normal,120,12,,,
Afternoon workout 💪,"Jan 15, 2026, 4:56 PM","Jan 15, 2026, 5:13 PM",,Seated Row (Machine),,,0,normal,140,12,,,
Afternoon workout 💪,"Jan 15, 2026, 4:56 PM","Jan 15, 2026, 5:13 PM",,Seated Row (Machine),,,1,normal,140,12,,,
Afternoon workout 💪,"Jan 15, 2026, 4:56 PM","Jan 15, 2026, 5:13 PM",,Seated Row (Machine),,,2,normal,140,12,,,
Afternoon workout 💪,"Jan 15, 2026, 4:56 PM","Jan 15, 2026, 5:13 PM",,Bicep Curl (Dumbbell),,,0,normal,20,12,,,
Afternoon workout 💪,"Jan 15, 2026, 4:56 PM","Jan 15, 2026, 5:13 PM",,Bicep Curl (Dumbbell),,,1,normal,20,12,,,
Afternoon workout 💪,"Jan 15, 2026, 4:56 PM","Jan 15, 2026, 5:13 PM",,Bicep Curl (Dumbbell),,,2,normal,20,12,,,
Afternoon workout 💪,"Jan 15, 2026, 4:56 PM","Jan 15, 2026, 5:13 PM",,Lateral Raise (Dumbbell),,,0,normal,15,12,,,
Afternoon workout 💪,"Jan 15, 2026, 4:56 PM","Jan 15, 2026, 5:13 PM",,Lateral Raise (Dumbbell),,,1,normal,15,15,,,
Afternoon workout 💪,"Jan 15, 2026, 4:56 PM","Jan 15, 2026, 5:13 PM",,Lateral Raise (Dumbbell),,,2,normal,15,15,,,
Afternoon workout 💪,"Jan 14, 2026, 6:11 PM","Jan 14, 2026, 6:46 PM",,Bench Press (Barbell),,,0,normal,135,5,,,
Afternoon workout 💪,"Jan 14, 2026, 6:11 PM","Jan 14, 2026, 6:46 PM",,Bench Press (Barbell),,,1,normal,155,5,,,
Afternoon workout 💪,"Jan 14, 2026, 6:11 PM","Jan 14, 2026, 6:46 PM",,Bench Press (Barbell),,,2,normal,155,5,,,
Afternoon workout 💪,"Jan 14, 2026, 6:11 PM","Jan 14, 2026, 6:46 PM",,Butterfly (Pec Deck),,,0,normal,120,12,,,
Afternoon workout 💪,"Jan 14, 2026, 6:11 PM","Jan 14, 2026, 6:46 PM",,Butterfly (Pec Deck),,,1,normal,120,12,,,
Afternoon workout 💪,"Jan 14, 2026, 6:11 PM","Jan 14, 2026, 6:46 PM",,Butterfly (Pec Deck),,,2,normal,110,12,,,
Afternoon workout 💪,"Jan 14, 2026, 6:11 PM","Jan 14, 2026, 6:46 PM",,Triceps Rope Pushdown,,,0,normal,30,15,,,
Afternoon workout 💪,"Jan 14, 2026, 6:11 PM","Jan 14, 2026, 6:46 PM",,Triceps Rope Pushdown,,,1,normal,30,15,,,
Afternoon workout 💪,"Jan 14, 2026, 6:11 PM","Jan 14, 2026, 6:46 PM",,Triceps Rope Pushdown,,,2,normal,30,15,,,
Afternoon workout 💪,"Jan 10, 2026, 3:23 PM","Jan 10, 2026, 3:39 PM",,Bench Press (Barbell),,"Still
Sore from the other day",0,normal,135,5,,,
Afternoon workout 💪,"Jan 10, 2026, 3:23 PM","Jan 10, 2026, 3:39 PM",,Bench Press (Barbell),,"Still
Sore from the other day",1,normal,135,5,,,
Afternoon workout 💪,"Jan 10, 2026, 3:23 PM","Jan 10, 2026, 3:39 PM",,Bench Press (Barbell),,"Still
Sore from the other day",2,normal,135,5,,,
Afternoon workout 💪,"Jan 10, 2026, 3:23 PM","Jan 10, 2026, 3:39 PM",,Seated Row (Machine),,,0,normal,140,12,,,
Afternoon workout 💪,"Jan 10, 2026, 3:23 PM","Jan 10, 2026, 3:39 PM",,Seated Row (Machine),,,1,normal,140,12,,,
Afternoon workout 💪,"Jan 10, 2026, 3:23 PM","Jan 10, 2026, 3:39 PM",,Seated Row (Machine),,,2,normal,140,12,,,
Afternoon workout 💪,"Jan 10, 2026, 3:23 PM","Jan 10, 2026, 3:39 PM",,Bicep Curl (Dumbbell),,,0,normal,20,12,,,
Afternoon workout 💪,"Jan 10, 2026, 3:23 PM","Jan 10, 2026, 3:39 PM",,Bicep Curl (Dumbbell),,,1,normal,20,12,,,
Afternoon workout 💪,"Jan 10, 2026, 3:23 PM","Jan 10, 2026, 3:39 PM",,Bicep Curl (Dumbbell),,,2,normal,20,12,,,
Afternoon workout 💪,"Jan 10, 2026, 3:23 PM","Jan 10, 2026, 3:39 PM",,Lateral Raise (Dumbbell),,,0,normal,15,12,,,
Afternoon workout 💪,"Jan 10, 2026, 3:23 PM","Jan 10, 2026, 3:39 PM",,Lateral Raise (Dumbbell),,,1,normal,15,15,,,
Afternoon workout 💪,"Jan 10, 2026, 3:23 PM","Jan 10, 2026, 3:39 PM",,Lateral Raise (Dumbbell),,,2,normal,15,15,,,
Afternoon workout 💪,"Jan 8, 2026, 5:14 PM","Jan 8, 2026, 5:37 PM",,Bicep Curl (Dumbbell),,,0,normal,20,12,,,
Afternoon workout 💪,"Jan 8, 2026, 5:14 PM","Jan 8, 2026, 5:37 PM",,Bicep Curl (Dumbbell),,,1,normal,20,12,,,
Afternoon workout 💪,"Jan 8, 2026, 5:14 PM","Jan 8, 2026, 5:37 PM",,Bicep Curl (Dumbbell),,,2,normal,20,12,,,
Afternoon workout 💪,"Jan 8, 2026, 5:14 PM","Jan 8, 2026, 5:37 PM",,Face Pull,,,0,normal,37.5,20,,,
Afternoon workout 💪,"Jan 8, 2026, 5:14 PM","Jan 8, 2026, 5:37 PM",,Face Pull,,,1,normal,37.5,15,,,
Afternoon workout 💪,"Jan 8, 2026, 5:14 PM","Jan 8, 2026, 5:37 PM",,Face Pull,,,2,normal,37.5,15,,,
Afternoon workout 💪,"Jan 8, 2026, 5:14 PM","Jan 8, 2026, 5:37 PM",,Seated Row (Machine),,,0,normal,135,12,,,
Afternoon workout 💪,"Jan 8, 2026, 5:14 PM","Jan 8, 2026, 5:37 PM",,Seated Row (Machine),,,1,normal,140,12,,,
Afternoon workout 💪,"Jan 8, 2026, 5:14 PM","Jan 8, 2026, 5:37 PM",,Seated Row (Machine),,,2,normal,140,12,,,
Afternoon workout 💪,"Jan 6, 2026, 6:11 PM","Jan 6, 2026, 6:45 PM",,Bench Press (Barbell),,,0,normal,135,8,,,
Afternoon workout 💪,"Jan 6, 2026, 6:11 PM","Jan 6, 2026, 6:45 PM",,Bench Press (Barbell),,,1,normal,155,5,,,
Afternoon workout 💪,"Jan 6, 2026, 6:11 PM","Jan 6, 2026, 6:45 PM",,Bench Press (Barbell),,,2,normal,155,5,,,
Afternoon workout 💪,"Jan 6, 2026, 6:11 PM","Jan 6, 2026, 6:45 PM",,Incline Bench Press (Barbell),,,0,normal,135,5,,,
Afternoon workout 💪,"Jan 6, 2026, 6:11 PM","Jan 6, 2026, 6:45 PM",,Incline Bench Press (Barbell),,,1,normal,135,5,,,
Afternoon workout 💪,"Jan 6, 2026, 6:11 PM","Jan 6, 2026, 6:45 PM",,Incline Bench Press (Barbell),,,2,normal,135,5,,,
Afternoon workout 💪,"Jan 6, 2026, 6:11 PM","Jan 6, 2026, 6:45 PM",,Butterfly (Pec Deck),,,0,normal,120,12,,,
Afternoon workout 💪,"Jan 6, 2026, 6:11 PM","Jan 6, 2026, 6:45 PM",,Butterfly (Pec Deck),,,1,normal,120,12,,,
Afternoon workout 💪,"Jan 6, 2026, 6:11 PM","Jan 6, 2026, 6:45 PM",,Triceps Pushdown,,,0,normal,42.5,15,,,
Afternoon workout 💪,"Jan 6, 2026, 6:11 PM","Jan 6, 2026, 6:45 PM",,Triceps Pushdown,,,1,normal,42.5,15,,,
,,,,,,,,,,,,,
,,,,,,,,,,,,,
,,,,,,,,,,,,,
,,,,,,,,,,,,,
,,,,,,,,,,,,,
,,,,,,,,,,,,,
,,,,,,,,,,,,,
,,,,,,,,,,,,,
,,,,,,,,,,,,,
,,,,,,,,,,,,,
,,,,,,,,,,,,,
,,,,,,,,,,,,,
,,,,,,,,,,,,,
,,,,,,,,,,,,,
,,,,,,,,,,,,,
,,,,,,,,,,,,,
,,,,,,,,,,,,,
,,,,,,,,,,,,,
,,,,,,,,,,,,,
,,,,,,,,,,,,,
,,,,,,,,,,,,,
,,,,,,,,,,,,,
,,,,,,,,,,,,,
,,,,,,,,,,,,,
,,,,,,,,,,,,,
,,,,,,,,,,,,,
,,,,,,,,,,,,,
,,,,,,,,,,,,,
,,,,,,,,,,,,,
,,,,,,,,,,,,,
,,,,,,,,,,,,,
,,,,,,,,,,,,,
,,,,,,,,,,,,,
,,,,,,,,,,,,,
,,,,,,,,,,,,,
,,,,,,,,,,,,,
,,,,,,,,,,,,,
,,,,,,,,,,,,,
,,,,,,,,,,,,,
,,,,,,,,,,,,,
,,,,,,,,,,,,,
,,,,,,,,,,,,,
,,,,,,,,,,,,,
,,,,,,,,,,,,,
,,,,,,,,,,,,,
,,,,,,,,,,,,,
,,,,,,,,,,,,,
,,,,,,,,,,,,,
,,,,,,,,,,,,,
,,,,,,,,,,,,,
,,,,,,,,,,,,,
,,,,,,,,,,,,,
,,,,,,,,,,,,,
,,,,,,,,,,,,,
,,,,,,,,,,,,,
,,,,,,,,,,,,,
,,,,,,,,,,,,,
,,,,,,,,,,,,,
,,,,,,,,,,,,,
,,,,,,,,,,,,,
,,,,,,,,,,,,,
,,,,,,,,,,,,,
,,,,,,,,,,,,,
,,,,,,,,,,,,,
,,,,,,,,,,,,,
,,,,,,,,,,,,,
,,,,,,,,,,,,,
,,,,,,,,,,,,,
,,,,,,,,,,,,,
,,,,,,,,,,,,,
,,,,,,,,,,,,,
,,,,,,,,,,,,,
,,,,,,,,,,,,,
,,,,,,,,,,,,,
,,,,,,,,,,,,,
,,,,,,,,,,,,,
,,,,,,,,,,,,,
,,,,,,,,,,,,,
,,,,,,,,,,,,,
,,,,,,,,,,,,,
,,,,,,,,,,,,,
,,,,,,,,,,,,,
,,,,,,,,,,,,,
,,,,,,,,,,,,,
,,,,,,,,,,,,,
,,,,,,,,,,,,,
,,,,,,,,,,,,,
,,,,,,,,,,,,,
,,,,,,,,,,,,,
,,,,,,,,,,,,,
,,,,,,,,,,,,,
,,,,,,,,,,,,,
,,,,,,,,,,,,,
,,,,,,,,,,,,,
,,,,,,,,,,,,,
,,,,,,,,,,,,,
,,,,,,,,,,,,,
,,,,,,,,,,,,,
,,,,,,,,,,,,,
,,,,,,,,,,,,,
,,,,,,,,,,,,,
,,,,,,,,,,,,,
,,,,,,,,,,,,,
,,,,,,,,,,,,,
,,,,,,,,,,,,,
,,,,,,,,,,,,,
,,,,,,,,,,,,,
,,,,,,,,,,,,,
,,,,,,,,,,,,,
,,,,,,,,,,,,,
,,,,,,,,,,,,,
,,,,,,,,,,,,,
,,,,,,,,,,,,,
,,,,,,,,,,,,,
,,,,,,,,,,,,,
,,,,,,,,,,,,,
,,,,,,,,,,,,,
,,,,,,,,,,,,,
,,,,,,,,,,,,,
,,,,,,,,,,,,,
,,,,,,,,,,,,,
,,,,,,,,,,,,,
,,,,,,,,,,,,,
,,,,,,,,,,,,,
,,,,,,,,,,,,,
,,,,,,,,,,,,,
,,,,,,,,,,,,,
,,,,,,,,,,,,,
,,,,,,,,,,,,,
,,,,,,,,,,,,,
,,,,,,,,,,,,,
,,,,,,,,,,,,,
,,,,,,,,,,,,,
,,,,,,,,,,,,,
,,,,,,,,,,,,,
,,,,,,,,,,,,,
,,,,,,,,,,,,,
,,,,,,,,,,,,,
,,,,,,,,,,,,,
,,,,,,,,,,,,,
,,,,,,,,,,,,,
,,,,,,,,,,,,,
,,,,,,,,,,,,,
,,,,,,,,,,,,,
,,,,,,,,,,,,,
,,,,,,,,,,,,,
,,,,,,,,,,,,,
,,,,,,,,,,,,,
,,,,,,,,,,,,,
,,,,,,,,,,,,,
,,,,,,,,,,,,,
,,,,,,,,,,,,,
,,,,,,,,,,,,,
,,,,,,,,,,,,,
,,,,,,,,,,,,,
,,,,,,,,,,,,,
,,,,,,,,,,,,,
,,,,,,,,,,,,,
,,,,,,,,,,,,,
,,,,,,,,,,,,,
,,,,,,,,,,,,,
,,,,,,,,,,,,,
,,,,,,,,,,,,,
,,,,,,,,,,,,,
,,,,,,,,,,,,,
,,,,,,,,,,,,,
,,,,,,,,,,,,,
,,,,,,,,,,,,,
,,,,,,,,,,,,,
,,,,,,,,,,,,,
,,,,,,,,,,,,,
,,,,,,,,,,,,,
,,,,,,,,,,,,,
,,,,,,,,,,,,,
,,,,,,,,,,,,,
,,,,,,,,,,,,,
,,,,,,,,,,,,,
,,,,,,,,,,,,,
,,,,,,,,,,,,,
,,,,,,,,,,,,,
,,,,,,,,,,,,,
,,,,,,,,,,,,,
,,,,,,,,,,,,,
,,,,,,,,,,,,,
,,,,,,,,,,,,,
,,,,,,,,,,,,,
,,,,,,,,,,,,,
,,,,,,,,,,,,,
,,,,,,,,,,,,,
,,,,,,,,,,,,,
,,,,,,,,,,,,,
,,,,,,,,,,,,,
,,,,,,,,,,,,,
,,,,,,,,,,,,,
,,,,,,,,,,,,,
,,,,,,,,,,,,,
,,,,,,,,,,,,,
,,,,,,,,,,,,,
,,,,,,,,,,,,,
,,,,,,,,,,,,,
,,,,,,,,,,,,,
,,,,,,,,,,,,,
,,,,,,,,,,,,,
,,,,,,,,,,,,,
,,,,,,,,,,,,,
,,,,,,,,,,,,,
,,,,,,,,,,,,,
,,,,,,,,,,,,,
,,,,,,,,,,,,,
,,,,,,,,,,,,,
,,,,,,,,,,,,,
,,,,,,,,,,,,,
,,,,,,,,,,,,,
,,,,,,,,,,,,,
,,,,,,,,,,,,,
,,,,,,,,,,,,,
,,,,,,,,,,,,,
,,,,,,,,,,,,,
,,,,,,,,,,,,,
,,,,,,,,,,,,,
,,,,,,,,,,,,,
,,,,,,,,,,,,,
,,,,,,,,,,,,,
,,,,,,,,,,,,,
,,,,,,,,,,,,,
,,,,,,,,,,,,,
,,,,,,,,,,,,,
,,,,,,,,,,,,,
,,,,,,,,,,,,,
,,,,,,,,,,,,,
,,,,,,,,,,,,,
,,,,,,,,,,,,,
,,,,,,,,,,,,,
,,,,,,,,,,,,,
,,,,,,,,,,,,,
,,,,,,,,,,,,,
,,,,,,,,,,,,,
,,,,,,,,,,,,,
,,,,,,,,,,,,,
,,,,,,,,,,,,,
,,,,,,,,,,,,,
,,,,,,,,,,,,,
,,,,,,,,,,,,,
,,,,,,,,,,,,,
,,,,,,,,,,,,,
,,,,,,,,,,,,,
,,,,,,,,,,,,,
,,,,,,,,,,,,,
,,,,,,,,,,,,,
,,,,,,,,,,,,,
,,,,,,,,,,,,,
,,,,,,,,,,,,,
,,,,,,,,,,,,,
,,,,,,,,,,,,,
,,,,,,,,,,,,,
,,,,,,,,,,,,,
,,,,,,,,,,,,,
,,,,,,,,,,,,,
,,,,,,,,,,,,,
,,,,,,,,,,,,,
,,,,,,,,,,,,,
,,,,,,,,,,,,,
,,,,,,,,,,,,,
,,,,,,,,,,,,,
,,,,,,,,,,,,,
,,,,,,,,,,,,,
,,,,,,,,,,,,,
,,,,,,,,,,,,,
,,,,,,,,,,,,,
,,,,,,,,,,,,,
,,,,,,,,,,,,,
,,,,,,,,,,,,,
,,,,,,,,,,,,,
,,,,,,,,,,,,,
,,,,,,,,,,,,,
,,,,,,,,,,,,,
,,,,,,,,,,,,,
,,,,,,,,,,,,,
,,,,,,,,,,,,,
,,,,,,,,,,,,,
,,,,,,,,,,,,,
,,,,,,,,,,,,,
,,,,,,,,,,,,,
,,,,,,,,,,,,,
,,,,,,,,,,,,,
,,,,,,,,,,,,,
,,,,,,,,,,,,,
,,,,,,,,,,,,,
,,,,,,,,,,,,,
,,,,,,,,,,,,,
,,,,,,,,,,,,,
,,,,,,,,,,,,,
,,,,,,,,,,,,,
,,,,,,,,,,,,,
,,,,,,,,,,,,,
,,,,,,,,,,,,,
,,,,,,,,,,,,,
,,,,,,,,,,,,,
,,,,,,,,,,,,,
,,,,,,,,,,,,,
,,,,,,,,,,,,,
,,,,,,,,,,,,,
,,,,,,,,,,,,,
,,,,,,,,,,,,,
,,,,,,,,,,,,,
,,,,,,,,,,,,,
,,,,,,,,,,,,,
,,,,,,,,,,,,,
,,,,,,,,,,,,,
,,,,,,,,,,,,,
,,,,,,,,,,,,,
,,,,,,,,,,,,,
,,,,,,,,,,,,,
,,,,,,,,,,,,,
,,,,,,,,,,,,,
,,,,,,,,,,,,,
,,,,,,,,,,,,,
,,,,,,,,,,,,,
,,,,,,,,,,,,,
,,,,,,,,,,,,,
,,,,,,,,,,,,,
,,,,,,,,,,,,,
,,,,,,,,,,,,,
,,,,,,,,,,,,,
,,,,,,,,,,,,,
,,,,,,,,,,,,,
,,,,,,,,,,,,,
,,,,,,,,,,,,,
,,,,,,,,,,,,,
,,,,,,,,,,,,,
,,,,,,,,,,,,,
,,,,,,,,,,,,,
,,,,,,,,,,,,,
,,,,,,,,,,,,,
,,,,,,,,,,,,,
,,,,,,,,,,,,,
,,,,,,,,,,,,,
,,,,,,,,,,,,,
,,,,,,,,,,,,,
,,,,,,,,,,,,,
,,,,,,,,,,,,,
,,,,,,,,,,,,,
,,,,,,,,,,,,,
,,,,,,,,,,,,,
,,,,,,,,,,,,,
,,,,,,,,,,,,,
,,,,,,,,,,,,,
,,,,,,,,,,,,,
,,,,,,,,,,,,,
,,,,,,,,,,,,,
,,,,,,,,,,,,,
,,,,,,,,,,,,,
,,,,,,,,,,,,,
,,,,,,,,,,,,,
,,,,,,,,,,,,,
,,,,,,,,,,,,,
,,,,,,,,,,,,,
,,,,,,,,,,,,,
,,,,,,,,,,,,,
,,,,,,,,,,,,,
,,,,,,,,,,,,,
,,,,,,,,,,,,,
,,,,,,,,,,,,,
,,,,,,,,,,,,,
,,,,,,,,,,,,,
,,,,,,,,,,,,,
,,,,,,,,,,,,,
,,,,,,,,,,,,,
,,,,,,,,,,,,,
,,,,,,,,,,,,,
,,,,,,,,,,,,,
,,,,,,,,,,,,,
,,,,,,,,,,,,,
,,,,,,,,,,,,,
,,,,,,,,,,,,,
,,,,,,,,,,,,,
,,,,,,,,,,,,,
,,,,,,,,,,,,,
,,,,,,,,,,,,,
,,,,,,,,,,,,,
,,,,,,,,,,,,,
,,,,,,,,,,,,,
,,,,,,,,,,,,,
,,,,,,,,,,,,,
,,,,,,,,,,,,,
,,,,,,,,,,,,,
,,,,,,,,,,,,,
,,,,,,,,,,,,,
,,,,,,,,,,,,,
,,,,,,,,,,,,,
,,,,,,,,,,,,,
,,,,,,,,,,,,,
,,,,,,,,,,,,,
,,,,,,,,,,,,,
,,,,,,,,,,,,,
,,,,,,,,,,,,,
,,,,,,,,,,,,,
,,,,,,,,,,,,,
,,,,,,,,,,,,,
,,,,,,,,,,,,,
,,,,,,,,,,,,,
,,,,,,,,,,,,,
,,,,,,,,,,,,,
,,,,,,,,,,,,,
,,,,,,,,,,,,,
,,,,,,,,,,,,,
,,,,,,,,,,,,,
,,,,,,,,,,,,,
,,,,,,,,,,,,,
,,,,,,,,,,,,,
,,,,,,,,,,,,,
,,,,,,,,,,,,,
,,,,,,,,,,,,,
,,,,,,,,,,,,,
,,,,,,,,,,,,,
,,,,,,,,,,,,,
,,,,,,,,,,,,,
,,,,,,,,,,,,,
,,,,,,,,,,,,,
,,,,,,,,,,,,,
,,,,,,,,,,,,,
,,,,,,,,,,,,,
,,,,,,,,,,,,,
,,,,,,,,,,,,,
,,,,,,,,,,,,,
,,,,,,,,,,,,,
,,,,,,,,,,,,,
,,,,,,,,,,,,,
,,,,,,,,,,,,,
,,,,,,,,,,,,,
,,,,,,,,,,,,,
,,,,,,,,,,,,,
,,,,,,,,,,,,,
,,,,,,,,,,,,,
,,,,,,,,,,,,,
,,,,,,,,,,,,,
,,,,,,,,,,,,,
,,,,,,,,,,,,,
,,,,,,,,,,,,,
,,,,,,,,,,,,,
,,,,,,,,,,,,,
,,,,,,,,,,,,,
,,,,,,,,,,,,,
,,,,,,,,,,,,,
,,,,,,,,,,,,,
,,,,,,,,,,,,,
,,,,,,,,,,,,,
,,,,,,,,,,,,,
,,,,,,,,,,,,,
,,,,,,,,,,,,,
,,,,,,,,,,,,,
,,,,,,,,,,,,,
,,,,,,,,,,,,,
,,,,,,,,,,,,,
,,,,,,,,,,,,,
,,,,,,,,,,,,,
,,,,,,,,,,,,,
,,,,,,,,,,,,,
,,,,,,,,,,,,,
,,,,,,,,,,,,,
,,,,,,,,,,,,,
,,,,,,,,,,,,,
,,,,,,,,,,,,,
,,,,,,,,,,,,,
,,,,,,,,,,,,,
,,,,,,,,,,,,,
,,,,,,,,,,,,,
,,,,,,,,,,,,,
,,,,,,,,,,,,,
,,,,,,,,,,,,,
,,,,,,,,,,,,,
,,,,,,,,,,,,,
,,,,,,,,,,,,,
,,,,,,,,,,,,,
,,,,,,,,,,,,,
,,,,,,,,,,,,,
,,,,,,,,,,,,,
,,,,,,,,,,,,,
,,,,,,,,,,,,,
,,,,,,,,,,,,,
,,,,,,,,,,,,,
,,,,,,,,,,,,,
,,,,,,,,,,,,,
,,,,,,,,,,,,,
,,,,,,,,,,,,,
,,,,,,,,,,,,,
,,,,,,,,,,,,,
,,,,,,,,,,,,,
,,,,,,,,,,,,,
,,,,,,,,,,,,,
,,,,,,,,,,,,,
,,,,,,,,,,,,,
,,,,,,,,,,,,,
,,,,,,,,,,,,,
,,,,,,,,,,,,,
,,,,,,,,,,,,,
,,,,,,,,,,,,,
,,,,,,,,,,,,,
,,,,,,,,,,,,,
,,,,,,,,,,,,,
,,,,,,,,,,,,,
,,,,,,,,,,,,,
,,,,,,,,,,,,,
,,,,,,,,,,,,,
,,,,,,,,,,,,,
,,,,,,,,,,,,,
,,,,,,,,,,,,,
,,,,,,,,,,,,,
,,,,,,,,,,,,,
,,,,,,,,,,,,,
,,,,,,,,,,,,,
,,,,,,,,,,,,,
,,,,,,,,,,,,,
,,,,,,,,,,,,,
,,,,,,,,,,,,,
,,,,,,,,,,,,,
,,,,,,,,,,,,,
,,,,,,,,,,,,,
,,,,,,,,,,,,,
,,,,,,,,,,,,,
,,,,,,,,,,,,,
,,,,,,,,,,,,,
,,,,,,,,,,,,,
,,,,,,,,,,,,,
,,,,,,,,,,,,,
,,,,,,,,,,,,,
,,,,,,,,,,,,,
,,,,,,,,,,,,,
,,,,,,,,,,,,,
,,,,,,,,,,,,,
,,,,,,,,,,,,,
,,,,,,,,,,,,,
,,,,,,,,,,,,,
,,,,,,,,,,,,,
,,,,,,,,,,,,,
,,,,,,,,,,,,,
,,,,,,,,,,,,,
,,,,,,,,,,,,,
,,,,,,,,,,,,,
,,,,,,,,,,,,,
,,,,,,,,,,,,,
,,,,,,,,,,,,,
,,,,,,,,,,,,,
,,,,,,,,,,,,,
,,,,,,,,,,,,,
,,,,,,,,,,,,,
,,,,,,,,,,,,,
,,,,,,,,,,,,,
,,,,,,,,,,,,,
,,,,,,,,,,,,,
,,,,,,,,,,,,,
,,,,,,,,,,,,,
,,,,,,,,,,,,,
,,,,,,,,,,,,,
,,,,,,,,,,,,,
,,,,,,,,,,,,,
,,,,,,,,,,,,,
,,,,,,,,,,,,,
,,,,,,,,,,,,,
,,,,,,,,,,,,,
,,,,,,,,,,,,,
,,,,,,,,,,,,,
,,,,,,,,,,,,,
,,,,,,,,,,,,,
,,,,,,,,,,,,,
,,,,,,,,,,,,,
,,,,,,,,,,,,,
,,,,,,,,,,,,,
,,,,,,,,,,,,,
,,,,,,,,,,,,,
,,,,,,,,,,,,,
,,,,,,,,,,,,,
,,,,,,,,,,,,,
,,,,,,,,,,,,,
,,,,,,,,,,,,,
,,,,,,,,,,,,,
,,,,,,,,,,,,,
,,,,,,,,,,,,,
,,,,,,,,,,,,,
,,,,,,,,,,,,,
,,,,,,,,,,,,,
,,,,,,,,,,,,,
,,,,,,,,,,,,,
,,,,,,,,,,,,,
,,,,,,,,,,,,,
,,,,,,,,,,,,,
,,,,,,,,,,,,,
,,,,,,,,,,,,,
,,,,,,,,,,,,,
,,,,,,,,,,,,,
,,,,,,,,,,,,,
,,,,,,,,,,,,,
,,,,,,,,,,,,,
,,,,,,,,,,,,,
,,,,,,,,,,,,,
,,,,,,,,,,,,,
,,,,,,,,,,,,,
,,,,,,,,,,,,,
,,,,,,,,,,,,,
,,,,,,,,,,,,,
,,,,,,,,,,,,,
,,,,,,,,,,,,,
,,,,,,,,,,,,,
,,,,,,,,,,,,,
,,,,,,,,,,,,,
,,,,,,,,,,,,,
,,,,,,,,,,,,,
,,,,,,,,,,,,,
,,,,,,,,,,,,,
,,,,,,,,,,,,,
,,,,,,,,,,,,,
,,,,,,,,,,,,,
,,,,,,,,,,,,,
,,,,,,,,,,,,,
,,,,,,,,,,,,,
,,,,,,,,,,,,,
,,,,,,,,,,,,,
,,,,,,,,,,,,,
,,,,,,,,,,,,,
,,,,,,,,,,,,,
,,,,,,,,,,,,,
,,,,,,,,,,,,,
,,,,,,,,,,,,,
,,,,,,,,,,,,,
,,,,,,,,,,,,,
,,,,,,,,,,,,,
,,,,,,,,,,,,,
,,,,,,,,,,,,,
,,,,,,,,,,,,,
,,,,,,,,,,,,,
,,,,,,,,,,,,,
,,,,,,,,,,,,,
,,,,,,,,,,,,,
,,,,,,,,,,,,,
,,,,,,,,,,,,,
,,,,,,,,,,,,,
,,,,,,,,,,,,,
,,,,,,,,,,,,,
,,,,,,,,,,,,,
,,,,,,,,,,,,,
,,,,,,,,,,,,,
,,,,,,,,,,,,,
,,,,,,,,,,,,,
,,,,,,,,,,,,,
,,,,,,,,,,,,,
,,,,,,,,,,,,,
,,,,,,,,,,,,,
,,,,,,,,,,,,,
,,,,,,,,,,,,,
,,,,,,,,,,,,,
,,,,,,,,,,,,,
,,,,,,,,,,,,,
,,,,,,,,,,,,,
,,,,,,,,,,,,,
,,,,,,,,,,,,,
,,,,,,,,,,,,,
,,,,,,,,,,,,,
,,,,,,,,,,,,,
,,,,,,,,,,,,,
,,,,,,,,,,,,,
,,,,,,,,,,,,,
,,,,,,,,,,,,,
,,,,,,,,,,,,,
,,,,,,,,,,,,,
,,,,,,,,,,,,,
,,,,,,,,,,,,,
,,,,,,,,,,,,,
,,,,,,,,,,,,,
,,,,,,,,,,,,,
,,,,,,,,,,,,,
,,,,,,,,,,,,,
,,,,,,,,,,,,,
,,,,,,,,,,,,,
,,,,,,,,,,,,,
,,,,,,,,,,,,,
,,,,,,,,,,,,,
,,,,,,,,,,,,,
,,,,,,,,,,,,,
,,,,,,,,,,,,,
,,,,,,,,,,,,,
,,,,,,,,,,,,,
,,,,,,,,,,,,,
,,,,,,,,,,,,,
,,,,,,,,,,,,,
,,,,,,,,,,,,,
,,,,,,,,,,,,,
,,,,,,,,,,,,,
,,,,,,,,,,,,,
,,,,,,,,,,,,,
,,,,,,,,,,,,,
,,,,,,,,,,,,,
,,,,,,,,,,,,,
,,,,,,,,,,,,,
,,,,,,,,,,,,,
,,,,,,,,,,,,,
,,,,,,,,,,,,,
,,,,,,,,,,,,,
,,,,,,,,,,,,,
,,,,,,,,,,,,,
,,,,,,,,,,,,,
,,,,,,,,,,,,,
,,,,,,,,,,,,,
,,,,,,,,,,,,,
,,,,,,,,,,,,,
,,,,,,,,,,,,,
,,,,,,,,,,,,,
,,,,,,,,,,,,,
,,,,,,,,,,,,,
,,,,,,,,,,,,,
,,,,,,,,,,,,,
,,,,,,,,,,,,,
,,,,,,,,,,,,,
,,,,,,,,,,,,,
,,,,,,,,,,,,,
,,,,,,,,,,,,,
,,,,,,,,,,,,,
,,,,,,,,,,,,,
,,,,,,,,,,,,,
,,,,,,,,,,,,,
,,,,,,,,,,,,,
,,,,,,,,,,,,,
,,,,,,,,,,,,,
,,,,,,,,,,,,,
,,,,,,,,,,,,,
,,,,,,,,,,,,,
,,,,,,,,,,,,,
,,,,,,,,,,,,,
,,,,,,,,,,,,,
,,,,,,,,,,,,,
,,,,,,,,,,,,,
,,,,,,,,,,,,,
,,,,,,,,,,,,,
,,,,,,,,,,,,,
,,,,,,,,,,,,,
,,,,,,,,,,,,,
,,,,,,,,,,,,,
,,,,,,,,,,,,,
,,,,,,,,,,,,,
,,,,,,,,,,,,,
,,,,,,,,,,,,,
,,,,,,,,,,,,,
,,,,,,,,,,,,,
,,,,,,,,,,,,,
,,,,,,,,,,,,,
,,,,,,,,,,,,,
,,,,,,,,,,,,,
,,,,,,,,,,,,,
,,,,,,,,,,,,,
,,,,,,,,,,,,,
,,,,,,,,,,,,,
,,,,,,,,,,,,,
,,,,,,,,,,,,,
,,,,,,,,,,,,,
,,,,,,,,,,,,,
,,,,,,,,,,,,,
,,,,,,,,,,,,,
,,,,,,,,,,,,,
,,,,,,,,,,,,,
,,,,,,,,,,,,,
,,,,,,,,,,,,,
,,,,,,,,,,,,,
,,,,,,,,,,,,,
,,,,,,,,,,,,,
,,,,,,,,,,,,,
,,,,,,,,,,,,,
,,,,,,,,,,,,,
,,,,,,,,,,,,,
,,,,,,,,,,,,,
,,,,,,,,,,,,,
,,,,,,,,,,,,,
,,,,,,,,,,,,,
,,,,,,,,,,,,,
,,,,,,,,,,,,,
,,,,,,,,,,,,,
,,,,,,,,,,,,,
,,,,,,,,,,,,,
,,,,,,,,,,,,,
,,,,,,,,,,,,,
,,,,,,,,,,,,,
,,,,,,,,,,,,,
,,,,,,,,,,,,,
,,,,,,,,,,,,,
,,,,,,,,,,,,,
,,,,,,,,,,,,,
,,,,,,,,,,,,,
,,,,,,,,,,,,,
,,,,,,,,,,,,,
,,,,,,,,,,,,,
,,,,,,,,,,,,,
,,,,,,,,,,,,,
,,,,,,,,,,,,,
,,,,,,,,,,,,,
,,,,,,,,,,,,,
,,,,,,,,,,,,,
,,,,,,,,,,,,,
,,,,,,,,,,,,,
,,,,,,,,,,,,,
,,,,,,,,,,,,,
,,,,,,,,,,,,,
,,,,,,,,,,,,,
,,,,,,,,,,,,,
,,,,,,,,,,,,,
,,,,,,,,,,,,,
,,,,,,,,,,,,,
,,,,,,,,,,,,,
,,,,,,,,,,,,,
,,,,,,,,,,,,,
,,,,,,,,,,,,,
,,,,,,,,,,,,,
,,,,,,,,,,,,,
,,,,,,,,,,,,,
,,,,,,,,,,,,,
,,,,,,,,,,,,,
,,,,,,,,,,,,,
,,,,,,,,,,,,,
,,,,,,,,,,,,,
,,,,,,,,,,,,,
,,,,,,,,,,,,,
,,,,,,,,,,,,,
,,,,,,,,,,,,,
,,,,,,,,,,,,,
,,,,,,,,,,,,,
,,,,,,,,,,,,,
,,,,,,,,,,,,,
,,,,,,,,,,,,,
,,,,,,,,,,,,,
,,,,,,,,,,,,,
,,,,,,,,,,,,,
,,,,,,,,,,,,,
,,,,,,,,,,,,,
,,,,,,,,,,,,,
,,,,,,,,,,,,,
,,,,,,,,,,,,,
,,,,,,,,,,,,,
,,,,,,,,,,,,,
,,,,,,,,,,,,,
,,,,,,,,,,,,,
,,,,,,,,,,,,,
,,,,,,,,,,,,,
,,,,,,,,,,,,,
,,,,,,,,,,,,,
,,,,,,,,,,,,,
,,,,,,,,,,,,,
,,,,,,,,,,,,,
,,,,,,,,,,,,,
,,,,,,,,,,,,,
,,,,,,,,,,,,,
,,,,,,,,,,,,,
,,,,,,,,,,,,,
,,,,,,,,,,,,,
,,,,,,,,,,,,,
,,,,,,,,,,,,,
,,,,,,,,,,,,,
,,,,,,,,,,,,,
,,,,,,,,,,,,,
,,,,,,,,,,,,,
,,,,,,,,,,,,,
,,,,,,,,,,,,,
,,,,,,,,,,,,,
,,,,,,,,,,,,,
,,,,,,,,,,,,,
,,,,,,,,,,,,,
,,,,,,,,,,,,,
,,,,,,,,,,,,,
,,,,,,,,,,,,,
,,,,,,,,,,,,,
,,,,,,,,,,,,,
,,,,,,,,,,,,,
,,,,,,,,,,,,,
,,,,,,,,,,,,,
,,,,,,,,,,,,,
,,,,,,,,,,,,,
,,,,,,,,,,,,,
,,,,,,,,,,,,,
,,,,,,,,,,,,,
,,,,,,,,,,,,,
,,,,,,,,,,,,,
,,,,,,,,,,,,,
,,,,,,,,,,,,,
,,,,,,,,,,,,,
,,,,,,,,,,,,,
,,,,,,,,,,,,,
,,,,,,,,,,,,,
,,,,,,,,,,,,,
,,,,,,,,,,,,,
,,,,,,,,,,,,,
,,,,,,,,,,,,,
,,,,,,,,,,,,,
,,,,,,,,,,,,,
,,,,,,,,,,,,,
,,,,,,,,,,,,,
,,,,,,,,,,,,,
,,,,,,,,,,,,,
,,,,,,,,,,,,,
,,,,,,,,,,,,,
,,,,,,,,,,,,,
,,,,,,,,,,,,,
,,,,,,,,,,,,,
,,,,,,,,,,,,,
,,,,,,,,,,,,,
,,,,,,,,,,,,,
,,,,,,,,,,,,,
,,,,,,,,,,,,,
,,,,,,,,,,,,,
,,,,,,,,,,,,,
,,,,,,,,,,,,,
,,,,,,,,,,,,,
,,,,,,,,,,,,,
,,,,,,,,,,,,,
,,,,,,,,,,,,,
,,,,,,,,,,,,,
,,,,,,,,,,,,,
,,,,,,,,,,,,,
,,,,,,,,,,,,,
,,,,,,,,,,,,,
,,,,,,,,,,,,,
,,,,,,,,,,,,,
,,,,,,,,,,,,,
,,,,,,,,,,,,,
,,,,,,,,,,,,,
,,,,,,,,,,,,,
,,,,,,,,,,,,,
,,,,,,,,,,,,,
,,,,,,,,,,,,,
,,,,,,,,,,,,,
,,,,,,,,,,,,,
,,,,,,,,,,,,,
,,,,,,,,,,,,,
,,,,,,,,,,,,,
,,,,,,,,,,,,,
,,,,,,,,,,,,,
,,,,,,,,,,,,,
,,,,,,,,,,,,,
,,,,,,,,,,,,,
,,,,,,,,,,,,,
,,,,,,,,,,,,,
,,,,,,,,,,,,,
,,,,,,,,,,,,,
,,,,,,,,,,,,,
,,,,,,,,,,,,,
,,,,,,,,,,,,,
,,,,,,,,,,,,,
,,,,,,,,,,,,,
,,,,,,,,,,,,,
,,,,,,,,,,,,,
,,,,,,,,,,,,,
,,,,,,,,,,,,,
,,,,,,,,,,,,,
,,,,,,,,,,,,,
,,,,,,,,,,,,,
,,,,,,,,,,,,,
,,,,,,,,,,,,,
,,,,,,,,,,,,,
,,,,,,,,,,,,,
,,,,,,,,,,,,,
,,,,,,,,,,,,,
,,,,,,,,,,,,,
,,,,,,,,,,,,,
,,,,,,,,,,,,,
,,,,,,,,,,,,,
,,,,,,,,,,,,,
,,,,,,,,,,,,,
,,,,,,,,,,,,,
,,,,,,,,,,,,,
,,,,,,,,,,,,,
,,,,,,,,,,,,,
,,,,,,,,,,,,,
,,,,,,,,,,,,,
,,,,,,,,,,,,,
,,,,,,,,,,,,,
,,,,,,,,,,,,,
,,,,,,,,,,,,,
,,,,,,,,,,,,,
,,,,,,,,,,,,,
,,,,,,,,,,,,,
,,,,,,,,,,,,,
,,,,,,,,,,,,,
,,,,,,,,,,,,,
,,,,,,,,,,,,,
,,,,,,,,,,,,,
,,,,,,,,,,,,,
,,,,,,,,,,,,,
,,,,,,,,,,,,,
,,,,,,,,,,,,,
,,,,,,,,,,,,,
,,,,,,,,,,,,,
,,,,,,,,,,,,,
,,,,,,,,,,,,,
,,,,,,,,,,,,,
,,,,,,,,,,,,,
,,,,,,,,,,,,,
,,,,,,,,,,,,,
,,,,,,,,,,,,,
,,,,,,,,,,,,,
,,,,,,,,,,,,,
,,,,,,,,,,,,,
,,,,,,,,,,,,,
,,,,,,,,,,,,,
,,,,,,,,,,,,,
,,,,,,,,,,,,,
,,,,,,,,,,,,,
,,,,,,,,,,,,,
,,,,,,,,,,,,,
,,,,,,,,,,,,,
,,,,,,,,,,,,,
,,,,,,,,,,,,,
,,,,,,,,,,,,,
,,,,,,,,,,,,,
,,,,,,,,,,,,,
,,,,,,,,,,,,,
,,,,,,,,,,,,,
,,,,,,,,,,,,,
,,,,,,,,,,,,,
,,,,,,,,,,,,,
,,,,,,,,,,,,,
,,,,,,,,,,,,,
,,,,,,,,,,,,,
,,,,,,,,,,,,,
,,,,,,,,,,,,,
,,,,,,,,,,,,,
,,,,,,,,,,,,,
,,,,,,,,,,,,,
,,,,,,,,,,,,,
,,,,,,,,,,,,,
,,,,,,,,,,,,,
,,,,,,,,,,,,,
,,,,,,,,,,,,,
,,,,,,,,,,,,,
,,,,,,,,,,,,,
,,,,,,,,,,,,,
,,,,,,,,,,,,,
,,,,,,,,,,,,,
,,,,,,,,,,,,,
,,,,,,,,,,,,,
,,,,,,,,,,,,,
,,,,,,,,,,,,,
,,,,,,,,,,,,,
,,,,,,,,,,,,,
,,,,,,,,,,,,,
,,,,,,,,,,,,,
,,,,,,,,,,,,,
,,,,,,,,,,,,,
,,,,,,,,,,,,,
,,,,,,,,,,,,,
,,,,,,,,,,,,,
,,,,,,,,,,,,,
,,,,,,,,,,,,,
,,,,,,,,,,,,,
,,,,,,,,,,,,,
,,,,,,,,,,,,,
,,,,,,,,,,,,,
,,,,,,,,,,,,,
,,,,,,,,,,,,,
,,,,,,,,,,,,,
,,,,,,,,,,,,,
,,,,,,,,,,,,,
,,,,,,,,,,,,,
,,,,,,,,,,,,,
,,,,,,,,,,,,,
,,,,,,,,,,,,,
,,,,,,,,,,,,,
,,,,,,,,,,,,,
,,,,,,,,,,,,,
,,,,,,,,,,,,,
,,,,,,,,,,,,,
,,,,,,,,,,,,,
,,,,,,,,,,,,,
,,,,,,,,,,,,,
,,,,,,,,,,,,,
,,,,,,,,,,,,,
,,,,,,,,,,,,,
,,,,,,,,,,,,,
,,,,,,,,,,,,,
,,,,,,,,,,,,,
,,,,,,,,,,,,,
,,,,,,,,,,,,,
,,,,,,,,,,,,,
,,,,,,,,,,,,,
,,,,,,,,,,,,,
,,,,,,,,,,,,,
,,,,,,,,,,,,,
,,,,,,,,,,,,,
,,,,,,,,,,,,,
,,,,,,,,,,,,,
,,,,,,,,,,,,,
,,,,,,,,,,,,,
,,,,,,,,,,,,,
,,,,,,,,,,,,,
,,,,,,,,,,,,,
,,,,,,,,,,,,,
,,,,,,,,,,,,,
,,,,,,,,,,,,,
,,,,,,,,,,,,,
,,,,,,,,,,,,,
,,,,,,,,,,,,,
,,,,,,,,,,,,,
,,,,,,,,,,,,,
,,,,,,,,,,,,,
,,,,,,,,,,,,,
,,,,,,,,,,,,,
,,,,,,,,,,,,,
,,,,,,,,,,,,,
,,,,,,,,,,,,,
,,,,,,,,,,,,,
,,,,,,,,,,,,,
,,,,,,,,,,,,,
,,,,,,,,,,,,,
,,,,,,,,,,,,,
,,,,,,,,,,,,,
,,,,,,,,,,,,,
,,,,,,,,,,,,,
,,,,,,,,,,,,,
,,,,,,,,,,,,,
,,,,,,,,,,,,,
,,,,,,,,,,,,,
,,,,,,,,,,,,,
,,,,,,,,,,,,,
,,,,,,,,,,,,,
,,,,,,,,,,,,,
,,,,,,,,,,,,,
,,,,,,,,,,,,,
,,,,,,,,,,,,,
,,,,,,,,,,,,,
,,,,,,,,,,,,,
,,,,,,,,,,,,,
,,,,,,,,,,,,,
,,,,,,,,,,,,,
,,,,,,,,,,,,,
,,,,,,,,,,,,,
,,,,,,,,,,,,,
,,,,,,,,,,,,,
,,,,,,,,,,,,,
,,,,,,,,,,,,,
,,,,,,,,,,,,,
,,,,,,,,,,,,,
,,,,,,,,,,,,,
,,,,,,,,,,,,,
,,,,,,,,,,,,,
,,,,,,,,,,,,,
,,,,,,,,,,,,,
,,,,,,,,,,,,,
,,,,,,,,,,,,,
,,,,,,,,,,,,,
,,,,,,,,,,,,,
,,,,,,,,,,,,,
,,,,,,,,,,,,,
,,,,,,,,,,,,,
,,,,,,,,,,,,,
,,,,,,,,,,,,,
,,,,,,,,,,,,,
,,,,,,,,,,,,,
,,,,,,,,,,,,,
,,,,,,,,,,,,,
,,,,,,,,,,,,,
,,,,,,,,,,,,,
,,,,,,,,,,,,,
,,,,,,,,,,,,,
,,,,,,,,,,,,,
,,,,,,,,,,,,,
,,,,,,,,,,,,,
,,,,,,,,,,,,,
,,,,,,,,,,,,,
,,,,,,,,,,,,,
,,,,,,,,,,,,,
,,,,,,,,,,,,,
,,,,,,,,,,,,,
,,,,,,,,,,,,,
,,,,,,,,,,,,,
,,,,,,,,,,,,,
,,,,,,,,,,,,,
,,,,,,,,,,,,,
,,,,,,,,,,,,,
,,,,,,,,,,,,,
,,,,,,,,,,,,,
,,,,,,,,,,,,,
,,,,,,,,,,,,,
,,,,,,,,,,,,,
,,,,,,,,,,,,,
,,,,,,,,,,,,,
,,,,,,,,,,,,,
,,,,,,,,,,,,,
,,,,,,,,,,,,,
,,,,,,,,,,,,,
,,,,,,,,,,,,,
,,,,,,,,,,,,,
,,,,,,,,,,,,,
,,,,,,,,,,,,,
,,,,,,,,,,,,,
,,,,,,,,,,,,,
,,,,,,,,,,,,,
,,,,,,,,,,,,,
,,,,,,,,,,,,,
,,,,,,,,,,,,,
,,,,,,,,,,,,,
,,,,,,,,,,,,,
,,,,,,,,,,,,,
,,,,,,,,,,,,,
,,,,,,,,,,,,,
,,,,,,,,,,,,,
,,,,,,,,,,,,,
,,,,,,,,,,,,,
,,,,,,,,,,,,,
,,,,,,,,,,,,,
,,,,,,,,,,,,,
,,,,,,,,,,,,,
,,,,,,,,,,,,,
,,,,,,,,,,,,,
,,,,,,,,,,,,,
,,,,,,,,,,,,,
,,,,,,,,,,,,,
,,,,,,,,,,,,,
,,,,,,,,,,,,,
,,,,,,,,,,,,,
,,,,,,,,,,,,,
,,,,,,,,,,,,,
,,,,,,,,,,,,,
,,,,,,,,,,,,,
,,,,,,,,,,,,,
,,,,,,,,,,,,,
,,,,,,,,,,,,,
,,,,,,,,,,,,,
,,,,,,,,,,,,,
,,,,,,,,,,,,,
,,,,,,,,,,,,,
,,,,,,,,,,,,,
,,,,,,,,,,,,,
,,,,,,,,,,,,,
,,,,,,,,,,,,,
,,,,,,,,,,,,,
,,,,,,,,,,,,,
,,,,,,,,,,,,,
,,,,,,,,,,,,,
,,,,,,,,,,,,,
,,,,,,,,,,,,,
,,,,,,,,,,,,,
,,,,,,,,,,,,,
,,,,,,,,,,,,,
,,,,,,,,,,,,,
,,,,,,,,,,,,,
